site_id,time_index,value,weather_year
11676,1,0.303839,2012
11676,2,0.2804,2012
11676,3,0.231976,2012
11676,4,0.211744,2012
11676,5,0.150686,2012
11676,6,0.217419,2012
11676,7,0.246863,2012
11676,8,0.258338,2012
11676,9,0.294241,2012
11676,10,0.246381,2012
11676,11,0.178601,2012
11676,12,0.171305,2012
11676,13,0.163651,2012
11676,14,0.128376,2012
11676,15,0.134023,2012
11676,16,0.165741,2012
11676,17,0.154832,2012
11676,18,0.166885,2012
11676,19,0.188488,2012
11676,20,0.219916,2012
11676,21,0.274333,2012
11676,22,0.320828,2012
11676,23,0.400367,2012
11676,24,0.397435,2012
11676,25,0.399705,2012
11676,26,0.452411,2012
11676,27,0.442259,2012
11676,28,0.417794,2012
11676,29,0.409925,2012
11676,30,0.413367,2012
11676,31,0.371947,2012
11676,32,0.37311,2012
11676,33,0.396501,2012
11676,34,0.30053,2012
11676,35,0.196435,2012
11676,36,0.19973,2012
11676,37,0.158943,2012
11676,38,0.183285,2012
11676,39,0.239602,2012
11676,40,0.231246,2012
11676,41,0.22589,2012
11676,42,0.236627,2012
11676,43,0.261641,2012
11676,44,0.284358,2012
11676,45,0.283623,2012
11676,46,0.324846,2012
11676,47,0.274006,2012
11676,48,0.310175,2012
11676,49,0.331903,2012
11676,50,0.405568,2012
11676,51,0.422096,2012
11676,52,0.446639,2012
11676,53,0.396254,2012
11676,54,0.391974,2012
11676,55,0.407356,2012
11676,56,0.422931,2012
11676,57,0.395312,2012
11676,58,0.412518,2012
11676,59,0.409236,2012
11676,60,0.354046,2012
11676,61,0.261817,2012
11676,62,0.214929,2012
11676,63,0.204734,2012
11676,64,0.2037,2012
11676,65,0.199583,2012
11676,66,0.19863,2012
11676,67,0.230698,2012
11676,68,0.234398,2012
11676,69,0.186316,2012
11676,70,0.191785,2012
11676,71,0.248442,2012
11676,72,0.228874,2012
11676,73,0.270517,2012
11676,74,0.308091,2012
11676,75,0.313442,2012
11676,76,0.334312,2012
11676,77,0.284125,2012
11676,78,0.277527,2012
11676,79,0.332228,2012
11676,80,0.307847,2012
11676,81,0.240012,2012
11676,82,0.271956,2012
11676,83,0.200681,2012
11676,84,0.230439,2012
11676,85,0.211599,2012
11676,86,0.210246,2012
11676,87,0.20695,2012
11676,88,0.202702,2012
11676,89,0.230128,2012
11676,90,0.239429,2012
11676,91,0.236114,2012
11676,92,0.258908,2012
11676,93,0.227119,2012
11676,94,0.242937,2012
11676,95,0.191866,2012
11676,96,0.205895,2012
11676,97,0.250345,2012
11676,98,0.290545,2012
11676,99,0.28946,2012
11676,100,0.155198,2012
11676,101,0.128649,2012
11676,102,0.184923,2012
11676,103,0.146852,2012
11676,104,0.16052,2012
11676,105,0.121141,2012
11676,106,0.168599,2012
11676,107,0.081816,2012
11676,108,0.057916,2012
11676,109,0.041799,2012
11676,110,0.050855,2012
11676,111,0.048385,2012
11676,112,0.050589,2012
11676,113,0.0,2012
11676,114,0.04504,2012
11676,115,0.053106,2012
11676,116,0.038387,2012
11676,117,0.086736,2012
11676,118,0.053613,2012
11676,119,0.070765,2012
11676,120,0.117618,2012
11676,121,0.158941,2012
11676,122,0.176399,2012
11676,123,0.17533,2012
11676,124,0.125464,2012
11676,125,0.139514,2012
11676,126,0.073849,2012
11676,127,0.117561,2012
11676,128,0.146977,2012
11676,129,0.136198,2012
11676,130,0.05425,2012
11676,131,0.069964,2012
11676,132,0.082199,2012
11676,133,0.04493,2012
11676,134,0.030901,2012
11676,135,0.032524,2012
11676,136,0.048087,2012
11676,137,0.039792,2012
11676,138,0.021006,2012
11676,139,0.008703,2012
11676,140,0.0,2012
11676,141,0.034753,2012
11676,142,0.103704,2012
11676,143,0.031949,2012
11676,144,0.017257,2012
11676,145,0.086299,2012
11676,146,0.155511,2012
11676,147,0.255632,2012
11676,148,0.319063,2012
11676,149,0.337522,2012
11676,150,0.34188,2012
11676,151,0.388123,2012
11676,152,0.382877,2012
11676,153,0.29076,2012
11676,154,0.271088,2012
11676,155,0.186523,2012
11676,156,0.193392,2012
11676,157,0.184866,2012
11676,158,0.167017,2012
11676,159,0.164566,2012
11676,160,0.119673,2012
11676,161,0.108605,2012
11676,162,0.098157,2012
11676,163,0.107799,2012
11676,164,0.110753,2012
11676,165,0.126941,2012
11676,166,0.146668,2012
11676,167,0.102795,2012
11676,168,0.057016,2012
11676,169,0.109625,2012
11676,170,0.07286,2012
11676,171,0.064972,2012
11676,172,0.1026,2012
11676,173,0.08377,2012
11676,174,0.183221,2012
11676,175,0.131383,2012
11676,176,0.095825,2012
11676,177,0.009036,2012
11676,178,0.036309,2012
11676,179,0.019281,2012
11676,180,0.034196,2012
11676,181,0.043898,2012
11676,182,0.101868,2012
11676,183,0.109345,2012
11676,184,0.096479,2012
11676,185,0.086106,2012
11676,186,0.110174,2012
11676,187,0.06506,2012
11676,188,0.0551,2012
11676,189,0.009907,2012
11676,190,0.0,2012
11676,191,0.017578,2012
11676,192,0.0,2012
11676,193,0.0,2012
11676,194,0.0,2012
11676,195,0.0,2012
11676,196,0.0,2012
11676,197,0.0,2012
11676,198,0.0,2012
11676,199,0.0,2012
11676,200,0.0,2012
11676,201,0.0,2012
11676,202,0.0,2012
11676,203,0.0,2012
11676,204,0.0,2012
11676,205,0.015231,2012
11676,206,0.030774,2012
11676,207,0.050414,2012
11676,208,0.031832,2012
11676,209,0.036693,2012
11676,210,0.041577,2012
11676,211,0.064321,2012
11676,212,0.103755,2012
11676,213,0.14749,2012
11676,214,0.184544,2012
11676,215,0.178754,2012
11676,216,0.171077,2012
11676,217,0.203719,2012
11676,218,0.156371,2012
11676,219,0.142879,2012
11676,220,0.137883,2012
11676,221,0.158201,2012
11676,222,0.180526,2012
11676,223,0.118494,2012
11676,224,0.138981,2012
11676,225,0.05271,2012
11676,226,0.024706,2012
11676,227,0.051284,2012
11676,228,0.036934,2012
11676,229,0.044373,2012
11676,230,0.104148,2012
11676,231,0.093014,2012
11676,232,0.086161,2012
11676,233,0.0365,2012
11676,234,0.046046,2012
11676,235,0.087976,2012
11676,236,0.101654,2012
11676,237,0.113837,2012
11676,238,0.233701,2012
11676,239,0.260297,2012
11676,240,0.286184,2012
42434,1,0.13391,2012
42434,2,0.100915,2012
42434,3,0.150101,2012
42434,4,0.225508,2012
42434,5,0.287174,2012
42434,6,0.329226,2012
42434,7,0.29043,2012
42434,8,0.261722,2012
42434,9,0.360518,2012
42434,10,0.294196,2012
42434,11,0.228561,2012
42434,12,0.211953,2012
42434,13,0.157216,2012
42434,14,0.118679,2012
42434,15,0.081361,2012
42434,16,0.056345,2012
42434,17,0.056569,2012
42434,18,0.082754,2012
42434,19,0.098019,2012
42434,20,0.136312,2012
42434,21,0.1427,2012
42434,22,0.065289,2012
42434,23,0.047405,2012
42434,24,0.0,2012
42434,25,0.003366,2012
42434,26,0.034441,2012
42434,27,0.014549,2012
42434,28,0.015168,2012
42434,29,0.051076,2012
42434,30,0.1124,2012
42434,31,0.080971,2012
42434,32,0.122382,2012
42434,33,0.099979,2012
42434,34,0.129379,2012
42434,35,0.034888,2012
42434,36,0.023697,2012
42434,37,0.035345,2012
42434,38,0.005535,2012
42434,39,0.0,2012
42434,40,0.0,2012
42434,41,0.0,2012
42434,42,0.0,2012
42434,43,0.0,2012
42434,44,0.0,2012
42434,45,0.0,2012
42434,46,0.0,2012
42434,47,0.0,2012
42434,48,0.0,2012
42434,49,0.0,2012
42434,50,0.0,2012
42434,51,0.0,2012
42434,52,0.0,2012
42434,53,0.0,2012
42434,54,0.0,2012
42434,55,0.0,2012
42434,56,0.0,2012
42434,57,0.0,2012
42434,58,0.0,2012
42434,59,0.003502,2012
42434,60,0.009628,2012
42434,61,0.0,2012
42434,62,0.0,2012
42434,63,0.0,2012
42434,64,0.0,2012
42434,65,0.0,2012
42434,66,0.0,2012
42434,67,0.0,2012
42434,68,0.0,2012
42434,69,0.0,2012
42434,70,0.0,2012
42434,71,0.0,2012
42434,72,0.0,2012
42434,73,0.0,2012
42434,74,0.0,2012
42434,75,0.0,2012
42434,76,0.0,2012
42434,77,0.0,2012
42434,78,0.0,2012
42434,79,0.0,2012
42434,80,0.0,2012
42434,81,0.0,2012
42434,82,0.0,2012
42434,83,0.0,2012
42434,84,0.0,2012
42434,85,0.0,2012
42434,86,0.0,2012
42434,87,0.0,2012
42434,88,0.0,2012
42434,89,0.0,2012
42434,90,0.00914,2012
42434,91,0.000669,2012
42434,92,0.0,2012
42434,93,0.0,2012
42434,94,0.06675,2012
42434,95,0.032068,2012
42434,96,0.072879,2012
42434,97,0.150997,2012
42434,98,0.190675,2012
42434,99,0.199583,2012
42434,100,0.313083,2012
42434,101,0.322622,2012
42434,102,0.36207,2012
42434,103,0.366175,2012
42434,104,0.376017,2012
42434,105,0.337632,2012
42434,106,0.29032,2012
42434,107,0.31007,2012
42434,108,0.288556,2012
42434,109,0.282863,2012
42434,110,0.240234,2012
42434,111,0.253631,2012
42434,112,0.280639,2012
42434,113,0.293245,2012
42434,114,0.278782,2012
42434,115,0.323953,2012
42434,116,0.317617,2012
42434,117,0.372647,2012
42434,118,0.441564,2012
42434,119,0.445136,2012
42434,120,0.460431,2012
42434,121,0.438828,2012
42434,122,0.427142,2012
42434,123,0.379091,2012
42434,124,0.307541,2012
42434,125,0.226401,2012
42434,126,0.260769,2012
42434,127,0.266127,2012
42434,128,0.305332,2012
42434,129,0.276636,2012
42434,130,0.309009,2012
42434,131,0.24494,2012
42434,132,0.224341,2012
42434,133,0.201551,2012
42434,134,0.161001,2012
42434,135,0.134491,2012
42434,136,0.104072,2012
42434,137,0.110258,2012
42434,138,0.100287,2012
42434,139,0.123121,2012
42434,140,0.148858,2012
42434,141,0.161873,2012
42434,142,0.155954,2012
42434,143,0.161784,2012
42434,144,0.214672,2012
42434,145,0.243565,2012
42434,146,0.24321,2012
42434,147,0.242895,2012
42434,148,0.341586,2012
42434,149,0.327313,2012
42434,150,0.314526,2012
42434,151,0.338339,2012
42434,152,0.306697,2012
42434,153,0.23519,2012
42434,154,0.19226,2012
42434,155,0.16683,2012
42434,156,0.154401,2012
42434,157,0.138681,2012
42434,158,0.107563,2012
42434,159,0.108112,2012
42434,160,0.126506,2012
42434,161,0.101577,2012
42434,162,0.166085,2012
42434,163,0.154411,2012
42434,164,0.222173,2012
42434,165,0.295568,2012
42434,166,0.373156,2012
42434,167,0.447364,2012
42434,168,0.446349,2012
42434,169,0.454734,2012
42434,170,0.509995,2012
42434,171,0.491663,2012
42434,172,0.537951,2012
42434,173,0.494857,2012
42434,174,0.436351,2012
42434,175,0.429946,2012
42434,176,0.392478,2012
42434,177,0.384915,2012
42434,178,0.339605,2012
42434,179,0.264613,2012
42434,180,0.258873,2012
42434,181,0.207898,2012
42434,182,0.187697,2012
42434,183,0.211198,2012
42434,184,0.244387,2012
42434,185,0.241547,2012
42434,186,0.251018,2012
42434,187,0.276593,2012
42434,188,0.332331,2012
42434,189,0.409236,2012
42434,190,0.447361,2012
42434,191,0.476197,2012
42434,192,0.491827,2012
42434,193,0.510848,2012
42434,194,0.577841,2012
42434,195,0.528873,2012
42434,196,0.474935,2012
42434,197,0.376203,2012
42434,198,0.368427,2012
42434,199,0.39429,2012
42434,200,0.364187,2012
42434,201,0.299492,2012
42434,202,0.275937,2012
42434,203,0.257085,2012
42434,204,0.257492,2012
42434,205,0.240113,2012
42434,206,0.201373,2012
42434,207,0.199355,2012
42434,208,0.232672,2012
42434,209,0.221505,2012
42434,210,0.241693,2012
42434,211,0.266811,2012
42434,212,0.295814,2012
42434,213,0.250516,2012
42434,214,0.31441,2012
42434,215,0.313985,2012
42434,216,0.334491,2012
42434,217,0.268151,2012
42434,218,0.232295,2012
42434,219,0.162342,2012
42434,220,0.157974,2012
42434,221,0.190556,2012
42434,222,0.195544,2012
42434,223,0.201172,2012
42434,224,0.207579,2012
42434,225,0.231152,2012
42434,226,0.224827,2012
42434,227,0.228237,2012
42434,228,0.183638,2012
42434,229,0.186789,2012
42434,230,0.158531,2012
42434,231,0.153513,2012
42434,232,0.096229,2012
42434,233,0.089449,2012
42434,234,0.112923,2012
42434,235,0.120298,2012
42434,236,0.101167,2012
42434,237,0.143159,2012
42434,238,0.111835,2012
42434,239,0.11761,2012
42434,240,0.126129,2012
24078,1,0.094832,2012
24078,2,0.142029,2012
24078,3,0.102619,2012
24078,4,0.160946,2012
24078,5,0.212128,2012
24078,6,0.220225,2012
24078,7,0.229091,2012
24078,8,0.19025,2012
24078,9,0.150603,2012
24078,10,0.155718,2012
24078,11,0.151464,2012
24078,12,0.168001,2012
24078,13,0.147381,2012
24078,14,0.150972,2012
24078,15,0.119064,2012
24078,16,0.131375,2012
24078,17,0.148016,2012
24078,18,0.173754,2012
24078,19,0.170406,2012
24078,20,0.158956,2012
24078,21,0.167029,2012
24078,22,0.186632,2012
24078,23,0.240352,2012
24078,24,0.29157,2012
24078,25,0.316013,2012
24078,26,0.230438,2012
24078,27,0.320597,2012
24078,28,0.38451,2012
24078,29,0.403194,2012
24078,30,0.421511,2012
24078,31,0.410871,2012
24078,32,0.393931,2012
24078,33,0.368063,2012
24078,34,0.325786,2012
24078,35,0.339172,2012
24078,36,0.284616,2012
24078,37,0.266533,2012
24078,38,0.213395,2012
24078,39,0.212889,2012
24078,40,0.218533,2012
24078,41,0.202336,2012
24078,42,0.244161,2012
24078,43,0.268743,2012
24078,44,0.324471,2012
24078,45,0.373416,2012
24078,46,0.390244,2012
24078,47,0.409739,2012
24078,48,0.476065,2012
24078,49,0.459709,2012
24078,50,0.538514,2012
24078,51,0.579553,2012
24078,52,0.585063,2012
24078,53,0.570882,2012
24078,54,0.586399,2012
24078,55,0.520265,2012
24078,56,0.508507,2012
24078,57,0.429096,2012
24078,58,0.410834,2012
24078,59,0.385583,2012
24078,60,0.34683,2012
24078,61,0.306732,2012
24078,62,0.276956,2012
24078,63,0.26942,2012
24078,64,0.268709,2012
24078,65,0.267503,2012
24078,66,0.285029,2012
24078,67,0.312524,2012
24078,68,0.364025,2012
24078,69,0.389587,2012
24078,70,0.431863,2012
24078,71,0.439212,2012
24078,72,0.493673,2012
24078,73,0.492821,2012
24078,74,0.509942,2012
24078,75,0.53933,2012
24078,76,0.54303,2012
24078,77,0.513342,2012
24078,78,0.472476,2012
24078,79,0.476632,2012
24078,80,0.470861,2012
24078,81,0.41743,2012
24078,82,0.424099,2012
24078,83,0.374959,2012
24078,84,0.338583,2012
24078,85,0.316454,2012
24078,86,0.298392,2012
24078,87,0.286051,2012
24078,88,0.269451,2012
24078,89,0.281473,2012
24078,90,0.282413,2012
24078,91,0.291767,2012
24078,92,0.296069,2012
24078,93,0.313251,2012
24078,94,0.341815,2012
24078,95,0.372987,2012
24078,96,0.387167,2012
24078,97,0.431297,2012
24078,98,0.466156,2012
24078,99,0.487375,2012
24078,100,0.489178,2012
24078,101,0.405986,2012
24078,102,0.420109,2012
24078,103,0.372279,2012
24078,104,0.336867,2012
24078,105,0.312935,2012
24078,106,0.294581,2012
24078,107,0.2613,2012
24078,108,0.242918,2012
24078,109,0.215517,2012
24078,110,0.172933,2012
24078,111,0.151214,2012
24078,112,0.127124,2012
24078,113,0.091261,2012
24078,114,0.093729,2012
24078,115,0.112479,2012
24078,116,0.11963,2012
24078,117,0.095259,2012
24078,118,0.089228,2012
24078,119,0.111587,2012
24078,120,0.060781,2012
24078,121,0.026347,2012
24078,122,0.006835,2012
24078,123,0.0,2012
24078,124,0.0,2012
24078,125,0.0,2012
24078,126,0.0,2012
24078,127,0.0,2012
24078,128,0.0,2012
24078,129,0.0,2012
24078,130,0.0,2012
24078,131,0.0,2012
24078,132,0.0,2012
24078,133,0.0,2012
24078,134,0.0,2012
24078,135,0.0,2012
24078,136,0.0,2012
24078,137,0.0,2012
24078,138,0.0,2012
24078,139,0.0,2012
24078,140,0.0,2012
24078,141,0.0,2012
24078,142,0.0,2012
24078,143,0.0,2012
24078,144,0.0,2012
24078,145,0.0,2012
24078,146,0.0,2012
24078,147,0.0,2012
24078,148,0.0,2012
24078,149,0.0,2012
24078,150,0.0,2012
24078,151,0.0,2012
24078,152,0.0,2012
24078,153,0.0,2012
24078,154,0.0,2012
24078,155,0.0,2012
24078,156,0.0,2012
24078,157,0.0,2012
24078,158,0.0,2012
24078,159,0.0,2012
24078,160,0.0,2012
24078,161,0.0,2012
24078,162,0.0,2012
24078,163,0.0,2012
24078,164,0.0,2012
24078,165,0.0,2012
24078,166,0.0,2012
24078,167,0.0,2012
24078,168,0.0,2012
24078,169,0.0,2012
24078,170,0.0,2012
24078,171,0.0,2012
24078,172,0.0,2012
24078,173,0.0,2012
24078,174,0.0,2012
24078,175,0.0,2012
24078,176,0.0,2012
24078,177,0.0,2012
24078,178,0.0,2012
24078,179,0.0,2012
24078,180,0.0,2012
24078,181,0.0,2012
24078,182,0.0,2012
24078,183,0.0,2012
24078,184,0.0,2012
24078,185,0.0,2012
24078,186,0.0,2012
24078,187,0.0,2012
24078,188,0.0,2012
24078,189,0.0,2012
24078,190,0.0,2012
24078,191,0.0,2012
24078,192,0.0,2012
24078,193,0.0,2012
24078,194,0.0,2012
24078,195,0.0,2012
24078,196,0.0,2012
24078,197,0.0,2012
24078,198,0.0,2012
24078,199,0.0,2012
24078,200,0.0,2012
24078,201,0.0,2012
24078,202,0.0,2012
24078,203,0.0,2012
24078,204,0.0,2012
24078,205,0.0,2012
24078,206,0.0,2012
24078,207,0.0,2012
24078,208,0.0,2012
24078,209,0.0,2012
24078,210,0.0,2012
24078,211,0.0,2012
24078,212,0.0,2012
24078,213,0.0,2012
24078,214,0.0,2012
24078,215,0.0,2012
24078,216,0.0,2012
24078,217,0.0,2012
24078,218,0.0,2012
24078,219,0.0,2012
24078,220,0.0,2012
24078,221,0.0,2012
24078,222,0.0,2012
24078,223,0.0,2012
24078,224,0.0,2012
24078,225,0.0,2012
24078,226,0.0,2012
24078,227,0.0,2012
24078,228,0.0,2012
24078,229,0.0,2012
24078,230,0.0,2012
24078,231,0.0,2012
24078,232,0.0,2012
24078,233,0.0,2012
24078,234,0.0,2012
24078,235,0.0,2012
24078,236,0.0,2012
24078,237,0.0,2012
24078,238,0.0,2012
24078,239,0.018863,2012
24078,240,0.089322,2012
36295,1,0.350616,2012
36295,2,0.407108,2012
36295,3,0.428586,2012
36295,4,0.457388,2012
36295,5,0.438511,2012
36295,6,0.450736,2012
36295,7,0.428002,2012
36295,8,0.383912,2012
36295,9,0.308344,2012
36295,10,0.266443,2012
36295,11,0.240719,2012
36295,12,0.21972,2012
36295,13,0.231778,2012
36295,14,0.205464,2012
36295,15,0.195601,2012
36295,16,0.175386,2012
36295,17,0.203707,2012
36295,18,0.256907,2012
36295,19,0.299736,2012
36295,20,0.32533,2012
36295,21,0.348311,2012
36295,22,0.365912,2012
36295,23,0.375026,2012
36295,24,0.417348,2012
36295,25,0.401768,2012
36295,26,0.420365,2012
36295,27,0.414812,2012
36295,28,0.465048,2012
36295,29,0.447701,2012
36295,30,0.448774,2012
36295,31,0.452572,2012
36295,32,0.374024,2012
36295,33,0.281763,2012
36295,34,0.231415,2012
36295,35,0.212619,2012
36295,36,0.168327,2012
36295,37,0.184375,2012
36295,38,0.145179,2012
36295,39,0.134977,2012
36295,40,0.139711,2012
36295,41,0.11167,2012
36295,42,0.093209,2012
36295,43,0.075981,2012
36295,44,0.139303,2012
36295,45,0.168335,2012
36295,46,0.138715,2012
36295,47,0.150513,2012
36295,48,0.201897,2012
36295,49,0.124691,2012
36295,50,0.198623,2012
36295,51,0.152915,2012
36295,52,0.162509,2012
36295,53,0.1115,2012
36295,54,0.090502,2012
36295,55,0.031898,2012
36295,56,0.0,2012
36295,57,0.0,2012
36295,58,0.0,2012
36295,59,0.0,2012
36295,60,0.002986,2012
36295,61,0.007046,2012
36295,62,0.016715,2012
36295,63,0.039716,2012
36295,64,0.055426,2012
36295,65,0.04033,2012
36295,66,0.040954,2012
36295,67,0.018138,2012
36295,68,0.032393,2012
36295,69,0.016098,2012
36295,70,0.0,2012
36295,71,0.01289,2012
36295,72,0.0,2012
36295,73,0.016799,2012
36295,74,0.0,2012
36295,75,0.030326,2012
36295,76,0.03279,2012
36295,77,0.0,2012
36295,78,0.0,2012
36295,79,0.0,2012
36295,80,0.0,2012
36295,81,0.0,2012
36295,82,0.035346,2012
36295,83,0.030996,2012
36295,84,0.0,2012
36295,85,0.0,2012
36295,86,0.010883,2012
36295,87,0.020456,2012
36295,88,0.030306,2012
36295,89,0.035449,2012
36295,90,0.018302,2012
36295,91,0.023884,2012
36295,92,0.015821,2012
36295,93,0.017944,2012
36295,94,0.008795,2012
36295,95,0.023189,2012
36295,96,0.0,2012
36295,97,0.005564,2012
36295,98,0.091737,2012
36295,99,0.011701,2012
36295,100,0.0,2012
36295,101,0.0,2012
36295,102,0.0,2012
36295,103,0.0,2012
36295,104,0.0,2012
36295,105,0.0,2012
36295,106,0.0,2012
36295,107,0.0,2012
36295,108,0.0,2012
36295,109,0.0,2012
36295,110,0.0,2012
36295,111,0.0,2012
36295,112,0.0,2012
36295,113,0.0,2012
36295,114,0.0,2012
36295,115,0.0,2012
36295,116,0.0,2012
36295,117,0.0,2012
36295,118,0.0,2012
36295,119,0.0,2012
36295,120,0.0,2012
36295,121,0.0,2012
36295,122,0.0,2012
36295,123,0.0,2012
36295,124,0.0,2012
36295,125,0.0,2012
36295,126,0.0,2012
36295,127,0.0,2012
36295,128,0.0,2012
36295,129,0.0,2012
36295,130,0.0,2012
36295,131,0.0,2012
36295,132,0.0,2012
36295,133,0.0,2012
36295,134,0.0,2012
36295,135,0.0,2012
36295,136,0.0,2012
36295,137,0.0,2012
36295,138,0.0,2012
36295,139,0.0,2012
36295,140,0.0,2012
36295,141,0.0,2012
36295,142,0.0,2012
36295,143,0.0,2012
36295,144,0.0,2012
36295,145,0.0,2012
36295,146,0.0,2012
36295,147,0.0,2012
36295,148,0.0,2012
36295,149,0.0,2012
36295,150,0.0,2012
36295,151,0.0,2012
36295,152,0.0,2012
36295,153,0.0,2012
36295,154,0.0,2012
36295,155,0.0,2012
36295,156,0.0,2012
36295,157,0.024784,2012
36295,158,0.0,2012
36295,159,0.012919,2012
36295,160,0.00601,2012
36295,161,0.016932,2012
36295,162,0.034241,2012
36295,163,0.078167,2012
36295,164,0.09302,2012
36295,165,0.140041,2012
36295,166,0.186874,2012
36295,167,0.248239,2012
36295,168,0.296959,2012
36295,169,0.275006,2012
36295,170,0.361156,2012
36295,171,0.393793,2012
36295,172,0.443919,2012
36295,173,0.428391,2012
36295,174,0.405438,2012
36295,175,0.400801,2012
36295,176,0.363969,2012
36295,177,0.349597,2012
36295,178,0.346701,2012
36295,179,0.332808,2012
36295,180,0.328738,2012
36295,181,0.267196,2012
36295,182,0.226318,2012
36295,183,0.213583,2012
36295,184,0.227536,2012
36295,185,0.254032,2012
36295,186,0.275695,2012
36295,187,0.338631,2012
36295,188,0.350495,2012
36295,189,0.402926,2012
36295,190,0.434137,2012
36295,191,0.433449,2012
36295,192,0.455182,2012
36295,193,0.455054,2012
36295,194,0.399322,2012
36295,195,0.386843,2012
36295,196,0.38916,2012
36295,197,0.370246,2012
36295,198,0.420725,2012
36295,199,0.355696,2012
36295,200,0.379944,2012
36295,201,0.35331,2012
36295,202,0.282788,2012
36295,203,0.243199,2012
36295,204,0.224242,2012
36295,205,0.218887,2012
36295,206,0.166619,2012
36295,207,0.160063,2012
36295,208,0.162685,2012
36295,209,0.192224,2012
36295,210,0.20697,2012
36295,211,0.202575,2012
36295,212,0.24035,2012
36295,213,0.301191,2012
36295,214,0.329651,2012
36295,215,0.321759,2012
36295,216,0.358916,2012
36295,217,0.388672,2012
36295,218,0.427993,2012
36295,219,0.407218,2012
36295,220,0.398327,2012
36295,221,0.459457,2012
36295,222,0.468625,2012
36295,223,0.40056,2012
36295,224,0.379115,2012
36295,225,0.286406,2012
36295,226,0.24722,2012
36295,227,0.207733,2012
36295,228,0.175877,2012
36295,229,0.175824,2012
36295,230,0.146004,2012
36295,231,0.098954,2012
36295,232,0.112468,2012
36295,233,0.17993,2012
36295,234,0.192704,2012
36295,235,0.227655,2012
36295,236,0.266875,2012
36295,237,0.256263,2012
36295,238,0.294958,2012
36295,239,0.322675,2012
36295,240,0.330243,2012
26312,1,0.371751,2012
26312,2,0.388291,2012
26312,3,0.307316,2012
26312,4,0.312223,2012
26312,5,0.18115,2012
26312,6,0.135847,2012
26312,7,0.094038,2012
26312,8,0.057421,2012
26312,9,0.0,2012
26312,10,0.016279,2012
26312,11,0.060613,2012
26312,12,0.079964,2012
26312,13,0.095791,2012
26312,14,0.139654,2012
26312,15,0.101734,2012
26312,16,0.119551,2012
26312,17,0.089452,2012
26312,18,0.084079,2012
26312,19,0.084296,2012
26312,20,0.115828,2012
26312,21,0.114502,2012
26312,22,0.186125,2012
26312,23,0.190312,2012
26312,24,0.212775,2012
26312,25,0.214432,2012
26312,26,0.186912,2012
26312,27,0.1671,2012
26312,28,0.146199,2012
26312,29,0.186815,2012
26312,30,0.203448,2012
26312,31,0.154649,2012
26312,32,0.167543,2012
26312,33,0.144503,2012
26312,34,0.126229,2012
26312,35,0.143583,2012
26312,36,0.125544,2012
26312,37,0.142854,2012
26312,38,0.11214,2012
26312,39,0.090589,2012
26312,40,0.100374,2012
26312,41,0.085779,2012
26312,42,0.107059,2012
26312,43,0.081835,2012
26312,44,0.092264,2012
26312,45,0.090084,2012
26312,46,0.064386,2012
26312,47,0.100227,2012
26312,48,0.123837,2012
26312,49,0.084149,2012
26312,50,0.038632,2012
26312,51,0.094787,2012
26312,52,0.067326,2012
26312,53,0.030582,2012
26312,54,0.05655,2012
26312,55,0.151514,2012
26312,56,0.13431,2012
26312,57,0.154232,2012
26312,58,0.197325,2012
26312,59,0.150956,2012
26312,60,0.175242,2012
26312,61,0.160121,2012
26312,62,0.140198,2012
26312,63,0.142625,2012
26312,64,0.149671,2012
26312,65,0.156011,2012
26312,66,0.141591,2012
26312,67,0.134484,2012
26312,68,0.105753,2012
26312,69,0.086325,2012
26312,70,0.063658,2012
26312,71,0.041803,2012
26312,72,0.065786,2012
26312,73,0.056101,2012
26312,74,0.04636,2012
26312,75,0.041795,2012
26312,76,0.0,2012
26312,77,0.040664,2012
26312,78,0.0,2012
26312,79,0.059195,2012
26312,80,0.073662,2012
26312,81,0.116066,2012
26312,82,0.171913,2012
26312,83,0.175125,2012
26312,84,0.124819,2012
26312,85,0.08883,2012
26312,86,0.088689,2012
26312,87,0.089635,2012
26312,88,0.03948,2012
26312,89,0.045576,2012
26312,90,0.006151,2012
26312,91,0.001867,2012
26312,92,0.0,2012
26312,93,0.0,2012
26312,94,0.0,2012
26312,95,0.0,2012
26312,96,0.0,2012
26312,97,0.148521,2012
26312,98,0.175148,2012
26312,99,0.185553,2012
26312,100,0.151317,2012
26312,101,0.060544,2012
26312,102,0.054625,2012
26312,103,0.071027,2012
26312,104,0.100429,2012
26312,105,0.040181,2012
26312,106,0.088863,2012
26312,107,0.088323,2012
26312,108,0.092924,2012
26312,109,0.101031,2012
26312,110,0.090522,2012
26312,111,0.110322,2012
26312,112,0.07566,2012
26312,113,0.064606,2012
26312,114,0.084357,2012
26312,115,0.104551,2012
26312,116,0.118975,2012
26312,117,0.150041,2012
26312,118,0.230175,2012
26312,119,0.246628,2012
26312,120,0.267885,2012
26312,121,0.317252,2012
26312,122,0.37051,2012
26312,123,0.356237,2012
26312,124,0.362946,2012
26312,125,0.399929,2012
26312,126,0.353027,2012
26312,127,0.397317,2012
26312,128,0.347215,2012
26312,129,0.31046,2012
26312,130,0.327604,2012
26312,131,0.34339,2012
26312,132,0.328898,2012
26312,133,0.270335,2012
26312,134,0.227613,2012
26312,135,0.192813,2012
26312,136,0.193739,2012
26312,137,0.213519,2012
26312,138,0.207408,2012
26312,139,0.245518,2012
26312,140,0.283178,2012
26312,141,0.314054,2012
26312,142,0.340359,2012
26312,143,0.284856,2012
26312,144,0.287044,2012
26312,145,0.335536,2012
26312,146,0.295961,2012
26312,147,0.211638,2012
26312,148,0.2536,2012
26312,149,0.208755,2012
26312,150,0.193305,2012
26312,151,0.13223,2012
26312,152,0.139215,2012
26312,153,0.150927,2012
26312,154,0.183209,2012
26312,155,0.146455,2012
26312,156,0.188388,2012
26312,157,0.110218,2012
26312,158,0.114758,2012
26312,159,0.112366,2012
26312,160,0.079813,2012
26312,161,0.102656,2012
26312,162,0.076523,2012
26312,163,0.092919,2012
26312,164,0.115643,2012
26312,165,0.157004,2012
26312,166,0.200662,2012
26312,167,0.135203,2012
26312,168,0.102599,2012
26312,169,0.119741,2012
26312,170,0.03519,2012
26312,171,0.092428,2012
26312,172,0.120157,2012
26312,173,0.178295,2012
26312,174,0.198692,2012
26312,175,0.27399,2012
26312,176,0.231726,2012
26312,177,0.256065,2012
26312,178,0.283207,2012
26312,179,0.220853,2012
26312,180,0.265316,2012
26312,181,0.267197,2012
26312,182,0.245871,2012
26312,183,0.224992,2012
26312,184,0.240993,2012
26312,185,0.262579,2012
26312,186,0.218952,2012
26312,187,0.250108,2012
26312,188,0.264191,2012
26312,189,0.283341,2012
26312,190,0.227448,2012
26312,191,0.267375,2012
26312,192,0.326393,2012
26312,193,0.375918,2012
26312,194,0.417346,2012
26312,195,0.392752,2012
26312,196,0.423272,2012
26312,197,0.390892,2012
26312,198,0.400432,2012
26312,199,0.407196,2012
26312,200,0.392132,2012
26312,201,0.426444,2012
26312,202,0.35844,2012
26312,203,0.269007,2012
26312,204,0.2733,2012
26312,205,0.230952,2012
26312,206,0.1827,2012
26312,207,0.187907,2012
26312,208,0.199377,2012
26312,209,0.165557,2012
26312,210,0.167015,2012
26312,211,0.208161,2012
26312,212,0.29451,2012
26312,213,0.311517,2012
26312,214,0.400924,2012
26312,215,0.462065,2012
26312,216,0.486428,2012
26312,217,0.442458,2012
26312,218,0.450189,2012
26312,219,0.45526,2012
26312,220,0.492261,2012
26312,221,0.463164,2012
26312,222,0.4568,2012
26312,223,0.492524,2012
26312,224,0.52875,2012
26312,225,0.420327,2012
26312,226,0.319531,2012
26312,227,0.268136,2012
26312,228,0.246349,2012
26312,229,0.265377,2012
26312,230,0.183593,2012
26312,231,0.146691,2012
26312,232,0.149607,2012
26312,233,0.138664,2012
26312,234,0.162617,2012
26312,235,0.186292,2012
26312,236,0.26247,2012
26312,237,0.273291,2012
26312,238,0.2899,2012
26312,239,0.334292,2012
26312,240,0.35015,2012
39526,1,0.126983,2012
39526,2,0.102123,2012
39526,3,0.164638,2012
39526,4,0.191592,2012
39526,5,0.200142,2012
39526,6,0.191149,2012
39526,7,0.124186,2012
39526,8,0.128959,2012
39526,9,0.119891,2012
39526,10,0.078282,2012
39526,11,0.091595,2012
39526,12,0.083809,2012
39526,13,0.116053,2012
39526,14,0.127722,2012
39526,15,0.100796,2012
39526,16,0.100088,2012
39526,17,0.138448,2012
39526,18,0.148817,2012
39526,19,0.167865,2012
39526,20,0.22853,2012
39526,21,0.210271,2012
39526,22,0.193794,2012
39526,23,0.231412,2012
39526,24,0.250271,2012
39526,25,0.326334,2012
39526,26,0.293226,2012
39526,27,0.249403,2012
39526,28,0.172859,2012
39526,29,0.199864,2012
39526,30,0.325273,2012
39526,31,0.343337,2012
39526,32,0.406522,2012
39526,33,0.369115,2012
39526,34,0.306193,2012
39526,35,0.34068,2012
39526,36,0.313337,2012
39526,37,0.290007,2012
39526,38,0.283603,2012
39526,39,0.286014,2012
39526,40,0.281258,2012
39526,41,0.297867,2012
39526,42,0.308003,2012
39526,43,0.305538,2012
39526,44,0.34686,2012
39526,45,0.362879,2012
39526,46,0.414428,2012
39526,47,0.406641,2012
39526,48,0.403441,2012
39526,49,0.37828,2012
39526,50,0.432224,2012
39526,51,0.463206,2012
39526,52,0.432036,2012
39526,53,0.420891,2012
39526,54,0.408394,2012
39526,55,0.470268,2012
39526,56,0.422214,2012
39526,57,0.34871,2012
39526,58,0.334101,2012
39526,59,0.239073,2012
39526,60,0.223488,2012
39526,61,0.199708,2012
39526,62,0.12852,2012
39526,63,0.090692,2012
39526,64,0.111778,2012
39526,65,0.135905,2012
39526,66,0.161865,2012
39526,67,0.145513,2012
39526,68,0.154452,2012
39526,69,0.123573,2012
39526,70,0.169265,2012
39526,71,0.13033,2012
39526,72,0.14355,2012
39526,73,0.183002,2012
39526,74,0.253383,2012
39526,75,0.277771,2012
39526,76,0.333821,2012
39526,77,0.375861,2012
39526,78,0.339185,2012
39526,79,0.27451,2012
39526,80,0.212227,2012
39526,81,0.201263,2012
39526,82,0.093723,2012
39526,83,0.173354,2012
39526,84,0.176411,2012
39526,85,0.173331,2012
39526,86,0.153628,2012
39526,87,0.148716,2012
39526,88,0.166966,2012
39526,89,0.16671,2012
39526,90,0.152009,2012
39526,91,0.202471,2012
39526,92,0.209042,2012
39526,93,0.252489,2012
39526,94,0.277932,2012
39526,95,0.279463,2012
39526,96,0.197712,2012
39526,97,0.265116,2012
39526,98,0.221871,2012
39526,99,0.247013,2012
39526,100,0.214808,2012
39526,101,0.264832,2012
39526,102,0.270696,2012
39526,103,0.198952,2012
39526,104,0.174911,2012
39526,105,0.233614,2012
39526,106,0.230825,2012
39526,107,0.259168,2012
39526,108,0.244357,2012
39526,109,0.269402,2012
39526,110,0.227161,2012
39526,111,0.234632,2012
39526,112,0.233791,2012
39526,113,0.234464,2012
39526,114,0.220643,2012
39526,115,0.182966,2012
39526,116,0.210752,2012
39526,117,0.241504,2012
39526,118,0.211239,2012
39526,119,0.211616,2012
39526,120,0.228386,2012
39526,121,0.26145,2012
39526,122,0.244429,2012
39526,123,0.227934,2012
39526,124,0.244537,2012
39526,125,0.24192,2012
39526,126,0.175742,2012
39526,127,0.194908,2012
39526,128,0.162472,2012
39526,129,0.165023,2012
39526,130,0.165975,2012
39526,131,0.170889,2012
39526,132,0.133264,2012
39526,133,0.11728,2012
39526,134,0.13136,2012
39526,135,0.056821,2012
39526,136,0.038753,2012
39526,137,0.0,2012
39526,138,0.0,2012
39526,139,0.0,2012
39526,140,0.0,2012
39526,141,0.03055,2012
39526,142,0.022559,2012
39526,143,0.078728,2012
39526,144,0.040265,2012
39526,145,0.060425,2012
39526,146,0.097943,2012
39526,147,0.156166,2012
39526,148,0.045851,2012
39526,149,0.112706,2012
39526,150,0.157662,2012
39526,151,0.112875,2012
39526,152,0.080741,2012
39526,153,0.032841,2012
39526,154,0.0,2012
39526,155,0.022392,2012
39526,156,0.0,2012
39526,157,0.0,2012
39526,158,0.0,2012
39526,159,0.0,2012
39526,160,0.009869,2012
39526,161,0.003477,2012
39526,162,0.023087,2012
39526,163,0.024638,2012
39526,164,0.07192,2012
39526,165,0.096816,2012
39526,166,0.148056,2012
39526,167,0.157238,2012
39526,168,0.155625,2012
39526,169,0.084268,2012
39526,170,0.129648,2012
39526,171,0.105969,2012
39526,172,0.105363,2012
39526,173,0.169326,2012
39526,174,0.145908,2012
39526,175,0.113199,2012
39526,176,0.062846,2012
39526,177,0.107426,2012
39526,178,0.113107,2012
39526,179,0.144651,2012
39526,180,0.121161,2012
39526,181,0.090648,2012
39526,182,0.108015,2012
39526,183,0.094461,2012
39526,184,0.047649,2012
39526,185,0.062205,2012
39526,186,0.065121,2012
39526,187,0.077777,2012
39526,188,0.130871,2012
39526,189,0.149474,2012
39526,190,0.130574,2012
39526,191,0.112257,2012
39526,192,0.083335,2012
39526,193,0.102568,2012
39526,194,0.168779,2012
39526,195,0.195384,2012
39526,196,0.124694,2012
39526,197,0.094902,2012
39526,198,0.046937,2012
39526,199,0.040592,2012
39526,200,0.013478,2012
39526,201,0.005347,2012
39526,202,0.0,2012
39526,203,0.0,2012
39526,204,0.0,2012
39526,205,0.0,2012
39526,206,0.0,2012
39526,207,0.0,2012
39526,208,0.009524,2012
39526,209,0.010238,2012
39526,210,0.0,2012
39526,211,0.0,2012
39526,212,0.0,2012
39526,213,0.0,2012
39526,214,0.0,2012
39526,215,0.0,2012
39526,216,0.0,2012
39526,217,0.0,2012
39526,218,0.0,2012
39526,219,0.0,2012
39526,220,0.0,2012
39526,221,0.0,2012
39526,222,0.0,2012
39526,223,0.0,2012
39526,224,0.003251,2012
39526,225,0.038224,2012
39526,226,0.076209,2012
39526,227,0.060158,2012
39526,228,0.112747,2012
39526,229,0.142679,2012
39526,230,0.147602,2012
39526,231,0.119755,2012
39526,232,0.144185,2012
39526,233,0.143501,2012
39526,234,0.159936,2012
39526,235,0.16958,2012
39526,236,0.117488,2012
39526,237,0.155428,2012
39526,238,0.12671,2012
39526,239,0.125857,2012
39526,240,0.119605,2012
41803,1,0.447347,2012
41803,2,0.440019,2012
41803,3,0.44175,2012
41803,4,0.487555,2012
41803,5,0.486915,2012
41803,6,0.4294,2012
41803,7,0.348721,2012
41803,8,0.326383,2012
41803,9,0.33489,2012
41803,10,0.2966,2012
41803,11,0.236695,2012
41803,12,0.195821,2012
41803,13,0.211436,2012
41803,14,0.145061,2012
41803,15,0.112911,2012
41803,16,0.072518,2012
41803,17,0.061827,2012
41803,18,0.067429,2012
41803,19,0.064396,2012
41803,20,0.061082,2012
41803,21,0.013928,2012
41803,22,0.016447,2012
41803,23,0.04799,2012
41803,24,0.009755,2012
41803,25,0.106379,2012
41803,26,0.120182,2012
41803,27,0.140106,2012
41803,28,0.192468,2012
41803,29,0.066957,2012
41803,30,0.10055,2012
41803,31,0.136462,2012
41803,32,0.072991,2012
41803,33,0.108329,2012
41803,34,0.145323,2012
41803,35,0.118773,2012
41803,36,0.19127,2012
41803,37,0.212096,2012
41803,38,0.21354,2012
41803,39,0.186034,2012
41803,40,0.193522,2012
41803,41,0.213949,2012
41803,42,0.239502,2012
41803,43,0.215499,2012
41803,44,0.226597,2012
41803,45,0.265578,2012
41803,46,0.271332,2012
41803,47,0.290575,2012
41803,48,0.336091,2012
41803,49,0.354038,2012
41803,50,0.328273,2012
41803,51,0.262395,2012
41803,52,0.355677,2012
41803,53,0.392917,2012
41803,54,0.429577,2012
41803,55,0.423561,2012
41803,56,0.405904,2012
41803,57,0.423754,2012
41803,58,0.431069,2012
41803,59,0.380288,2012
41803,60,0.320727,2012
41803,61,0.318382,2012
41803,62,0.255152,2012
41803,63,0.263025,2012
41803,64,0.238317,2012
41803,65,0.218142,2012
41803,66,0.231126,2012
41803,67,0.205465,2012
41803,68,0.215032,2012
41803,69,0.237424,2012
41803,70,0.296448,2012
41803,71,0.337683,2012
41803,72,0.322573,2012
41803,73,0.293403,2012
41803,74,0.319673,2012
41803,75,0.280663,2012
41803,76,0.250942,2012
41803,77,0.27139,2012
41803,78,0.256902,2012
41803,79,0.272646,2012
41803,80,0.161695,2012
41803,81,0.103603,2012
41803,82,0.104216,2012
41803,83,0.100105,2012
41803,84,0.033626,2012
41803,85,0.039477,2012
41803,86,0.0,2012
41803,87,0.0,2012
41803,88,0.0,2012
41803,89,0.0,2012
41803,90,0.0,2012
41803,91,0.0,2012
41803,92,0.034769,2012
41803,93,0.067378,2012
41803,94,0.049178,2012
41803,95,0.073625,2012
41803,96,0.015382,2012
41803,97,0.054559,2012
41803,98,0.006871,2012
41803,99,0.0,2012
41803,100,0.057616,2012
41803,101,0.090672,2012
41803,102,0.027229,2012
41803,103,0.08195,2012
41803,104,0.0,2012
41803,105,0.013346,2012
41803,106,0.064671,2012
41803,107,0.072339,2012
41803,108,0.062358,2012
41803,109,0.110499,2012
41803,110,0.120461,2012
41803,111,0.134626,2012
41803,112,0.107942,2012
41803,113,0.078535,2012
41803,114,0.075045,2012
41803,115,0.062291,2012
41803,116,0.07128,2012
41803,117,0.063516,2012
41803,118,0.104695,2012
41803,119,0.191164,2012
41803,120,0.20973,2012
41803,121,0.170674,2012
41803,122,0.227151,2012
41803,123,0.317414,2012
41803,124,0.321334,2012
41803,125,0.293233,2012
41803,126,0.252429,2012
41803,127,0.175905,2012
41803,128,0.170401,2012
41803,129,0.213371,2012
41803,130,0.199995,2012
41803,131,0.156843,2012
41803,132,0.12629,2012
41803,133,0.126166,2012
41803,134,0.120744,2012
41803,135,0.115592,2012
41803,136,0.092556,2012
41803,137,0.087601,2012
41803,138,0.077585,2012
41803,139,0.053029,2012
41803,140,0.075887,2012
41803,141,0.080746,2012
41803,142,0.093883,2012
41803,143,0.090055,2012
41803,144,0.170919,2012
41803,145,0.128162,2012
41803,146,0.187391,2012
41803,147,0.204838,2012
41803,148,0.153111,2012
41803,149,0.19641,2012
41803,150,0.227057,2012
41803,151,0.255099,2012
41803,152,0.242323,2012
41803,153,0.283122,2012
41803,154,0.308303,2012
41803,155,0.30517,2012
41803,156,0.24037,2012
41803,157,0.199369,2012
41803,158,0.113965,2012
41803,159,0.150589,2012
41803,160,0.155315,2012
41803,161,0.174563,2012
41803,162,0.230814,2012
41803,163,0.210973,2012
41803,164,0.233418,2012
41803,165,0.268274,2012
41803,166,0.280072,2012
41803,167,0.338156,2012
41803,168,0.313675,2012
41803,169,0.343038,2012
41803,170,0.350952,2012
41803,171,0.388706,2012
41803,172,0.333899,2012
41803,173,0.319577,2012
41803,174,0.303434,2012
41803,175,0.318724,2012
41803,176,0.274256,2012
41803,177,0.24797,2012
41803,178,0.248901,2012
41803,179,0.248182,2012
41803,180,0.168432,2012
41803,181,0.168309,2012
41803,182,0.14665,2012
41803,183,0.132054,2012
41803,184,0.122054,2012
41803,185,0.09139,2012
41803,186,0.099014,2012
41803,187,0.136024,2012
41803,188,0.1318,2012
41803,189,0.096735,2012
41803,190,0.156824,2012
41803,191,0.171694,2012
41803,192,0.185668,2012
41803,193,0.181816,2012
41803,194,0.222888,2012
41803,195,0.217499,2012
41803,196,0.215778,2012
41803,197,0.22703,2012
41803,198,0.408807,2012
41803,199,0.359633,2012
41803,200,0.292241,2012
41803,201,0.295715,2012
41803,202,0.265734,2012
41803,203,0.24268,2012
41803,204,0.22871,2012
41803,205,0.207518,2012
41803,206,0.232904,2012
41803,207,0.180769,2012
41803,208,0.169991,2012
41803,209,0.143096,2012
41803,210,0.151981,2012
41803,211,0.16906,2012
41803,212,0.179356,2012
41803,213,0.201026,2012
41803,214,0.160694,2012
41803,215,0.171685,2012
41803,216,0.197972,2012
41803,217,0.222392,2012
41803,218,0.311915,2012
41803,219,0.435611,2012
41803,220,0.476805,2012
41803,221,0.459135,2012
41803,222,0.454047,2012
41803,223,0.438875,2012
41803,224,0.440626,2012
41803,225,0.447858,2012
41803,226,0.381806,2012
41803,227,0.408985,2012
41803,228,0.351206,2012
41803,229,0.338631,2012
41803,230,0.297588,2012
41803,231,0.265035,2012
41803,232,0.257029,2012
41803,233,0.270631,2012
41803,234,0.27657,2012
41803,235,0.265815,2012
41803,236,0.249365,2012
41803,237,0.306408,2012
41803,238,0.32066,2012
41803,239,0.307282,2012
41803,240,0.421353,2012
41913,1,0.406191,2012
41913,2,0.552667,2012
41913,3,0.532607,2012
41913,4,0.543826,2012
41913,5,0.514751,2012
41913,6,0.480307,2012
41913,7,0.486736,2012
41913,8,0.51338,2012
41913,9,0.47994,2012
41913,10,0.430727,2012
41913,11,0.3627,2012
41913,12,0.353981,2012
41913,13,0.332705,2012
41913,14,0.309755,2012
41913,15,0.287612,2012
41913,16,0.279937,2012
41913,17,0.253078,2012
41913,18,0.230387,2012
41913,19,0.24696,2012
41913,20,0.268223,2012
41913,21,0.330074,2012
41913,22,0.37949,2012
41913,23,0.410334,2012
41913,24,0.477017,2012
41913,25,0.546699,2012
41913,26,0.586399,2012
41913,27,0.557334,2012
41913,28,0.584441,2012
41913,29,0.579048,2012
41913,30,0.56309,2012
41913,31,0.485494,2012
41913,32,0.44386,2012
41913,33,0.453268,2012
41913,34,0.412284,2012
41913,35,0.387211,2012
41913,36,0.338122,2012
41913,37,0.324897,2012
41913,38,0.299698,2012
41913,39,0.23817,2012
41913,40,0.237951,2012
41913,41,0.23456,2012
41913,42,0.257179,2012
41913,43,0.236383,2012
41913,44,0.220386,2012
41913,45,0.25909,2012
41913,46,0.335206,2012
41913,47,0.321607,2012
41913,48,0.330414,2012
41913,49,0.314582,2012
41913,50,0.363216,2012
41913,51,0.399798,2012
41913,52,0.29513,2012
41913,53,0.246107,2012
41913,54,0.269987,2012
41913,55,0.239514,2012
41913,56,0.220291,2012
41913,57,0.232471,2012
41913,58,0.196964,2012
41913,59,0.207906,2012
41913,60,0.176569,2012
41913,61,0.170595,2012
41913,62,0.176238,2012
41913,63,0.17857,2012
41913,64,0.174078,2012
41913,65,0.179336,2012
41913,66,0.176837,2012
41913,67,0.204585,2012
41913,68,0.202904,2012
41913,69,0.264478,2012
41913,70,0.234427,2012
41913,71,0.237342,2012
41913,72,0.335731,2012
41913,73,0.337534,2012
41913,74,0.39486,2012
41913,75,0.420296,2012
41913,76,0.383642,2012
41913,77,0.373567,2012
41913,78,0.337164,2012
41913,79,0.296548,2012
41913,80,0.254358,2012
41913,81,0.20177,2012
41913,82,0.238212,2012
41913,83,0.160109,2012
41913,84,0.143075,2012
41913,85,0.141474,2012
41913,86,0.117161,2012
41913,87,0.104826,2012
41913,88,0.109837,2012
41913,89,0.162347,2012
41913,90,0.147259,2012
41913,91,0.205687,2012
41913,92,0.180863,2012
41913,93,0.180816,2012
41913,94,0.204656,2012
41913,95,0.168444,2012
41913,96,0.171725,2012
41913,97,0.138602,2012
41913,98,0.134368,2012
41913,99,0.144289,2012
41913,100,0.158186,2012
41913,101,0.168221,2012
41913,102,0.106097,2012
41913,103,0.109565,2012
41913,104,0.083142,2012
41913,105,0.133872,2012
41913,106,0.159415,2012
41913,107,0.115774,2012
41913,108,0.084307,2012
41913,109,0.076057,2012
41913,110,0.08244,2012
41913,111,0.066248,2012
41913,112,0.056212,2012
41913,113,0.051445,2012
41913,114,0.010211,2012
41913,115,0.0,2012
41913,116,0.002804,2012
41913,117,0.055035,2012
41913,118,0.077154,2012
41913,119,0.085743,2012
41913,120,0.060912,2012
41913,121,0.058166,2012
41913,122,0.080162,2012
41913,123,0.133901,2012
41913,124,0.153518,2012
41913,125,0.169123,2012
41913,126,0.069149,2012
41913,127,0.13261,2012
41913,128,0.089528,2012
41913,129,0.025253,2012
41913,130,0.0,2012
41913,131,0.0,2012
41913,132,0.0,2012
41913,133,0.0,2012
41913,134,0.0,2012
41913,135,0.0,2012
41913,136,0.0,2012
41913,137,0.0,2012
41913,138,0.0,2012
41913,139,0.0,2012
41913,140,0.024176,2012
41913,141,0.079962,2012
41913,142,0.015822,2012
41913,143,0.0,2012
41913,144,0.0,2012
41913,145,0.019517,2012
41913,146,0.0,2012
41913,147,0.0,2012
41913,148,0.004176,2012
41913,149,0.012061,2012
41913,150,0.003205,2012
41913,151,0.0,2012
41913,152,0.0,2012
41913,153,0.0,2012
41913,154,0.032609,2012
41913,155,0.015977,2012
41913,156,0.021478,2012
41913,157,0.037168,2012
41913,158,0.045503,2012
41913,159,0.034124,2012
41913,160,0.05461,2012
41913,161,0.017276,2012
41913,162,0.0,2012
41913,163,0.0,2012
41913,164,0.0,2012
41913,165,0.0,2012
41913,166,0.0,2012
41913,167,0.0,2012
41913,168,0.0,2012
41913,169,0.0,2012
41913,170,0.0,2012
41913,171,0.0,2012
41913,172,0.0,2012
41913,173,0.0,2012
41913,174,0.0,2012
41913,175,0.0,2012
41913,176,0.0,2012
41913,177,0.0,2012
41913,178,0.0,2012
41913,179,0.0,2012
41913,180,0.0,2012
41913,181,0.0,2012
41913,182,0.0,2012
41913,183,0.0,2012
41913,184,0.0,2012
41913,185,0.0,2012
41913,186,0.0,2012
41913,187,0.0,2012
41913,188,0.0,2012
41913,189,0.0,2012
41913,190,0.0,2012
41913,191,0.0,2012
41913,192,0.0,2012
41913,193,0.0,2012
41913,194,0.0,2012
41913,195,0.02311,2012
41913,196,0.076368,2012
41913,197,0.060199,2012
41913,198,0.106245,2012
41913,199,0.098679,2012
41913,200,0.083595,2012
41913,201,0.130639,2012
41913,202,0.097714,2012
41913,203,0.089705,2012
41913,204,0.118458,2012
41913,205,0.116996,2012
41913,206,0.068498,2012
41913,207,0.108564,2012
41913,208,0.12226,2012
41913,209,0.086917,2012
41913,210,0.090437,2012
41913,211,0.114463,2012
41913,212,0.156914,2012
41913,213,0.189194,2012
41913,214,0.249798,2012
41913,215,0.269897,2012
41913,216,0.294024,2012
41913,217,0.339821,2012
41913,218,0.357403,2012
41913,219,0.444745,2012
41913,220,0.433434,2012
41913,221,0.470786,2012
41913,222,0.509996,2012
41913,223,0.512581,2012
41913,224,0.482341,2012
41913,225,0.416723,2012
41913,226,0.367788,2012
41913,227,0.328555,2012
41913,228,0.270127,2012
41913,229,0.266422,2012
41913,230,0.231558,2012
41913,231,0.226209,2012
41913,232,0.213163,2012
41913,233,0.184813,2012
41913,234,0.206184,2012
41913,235,0.216982,2012
41913,236,0.249737,2012
41913,237,0.256314,2012
41913,238,0.275411,2012
41913,239,0.299661,2012
41913,240,0.382589,2012
33577,1,0.268768,2012
33577,2,0.284074,2012
33577,3,0.278363,2012
33577,4,0.284118,2012
33577,5,0.311568,2012
33577,6,0.270451,2012
33577,7,0.283679,2012
33577,8,0.335432,2012
33577,9,0.33028,2012
33577,10,0.353671,2012
33577,11,0.293431,2012
33577,12,0.300573,2012
33577,13,0.268297,2012
33577,14,0.241761,2012
33577,15,0.265519,2012
33577,16,0.241672,2012
33577,17,0.274002,2012
33577,18,0.274932,2012
33577,19,0.252564,2012
33577,20,0.242813,2012
33577,21,0.319294,2012
33577,22,0.359813,2012
33577,23,0.388398,2012
33577,24,0.380839,2012
33577,25,0.418025,2012
33577,26,0.334543,2012
33577,27,0.338096,2012
33577,28,0.335987,2012
33577,29,0.311303,2012
33577,30,0.375604,2012
33577,31,0.401774,2012
33577,32,0.296721,2012
33577,33,0.332907,2012
33577,34,0.385098,2012
33577,35,0.353503,2012
33577,36,0.296023,2012
33577,37,0.252317,2012
33577,38,0.250923,2012
33577,39,0.241627,2012
33577,40,0.223022,2012
33577,41,0.233938,2012
33577,42,0.220065,2012
33577,43,0.252082,2012
33577,44,0.295349,2012
33577,45,0.263021,2012
33577,46,0.287598,2012
33577,47,0.303015,2012
33577,48,0.351894,2012
33577,49,0.406949,2012
33577,50,0.474039,2012
33577,51,0.442172,2012
33577,52,0.551977,2012
33577,53,0.544584,2012
33577,54,0.522907,2012
33577,55,0.449315,2012
33577,56,0.366363,2012
33577,57,0.369954,2012
33577,58,0.326239,2012
33577,59,0.31436,2012
33577,60,0.242898,2012
33577,61,0.249801,2012
33577,62,0.252444,2012
33577,63,0.24855,2012
33577,64,0.222692,2012
33577,65,0.252222,2012
33577,66,0.286846,2012
33577,67,0.320425,2012
33577,68,0.345902,2012
33577,69,0.354173,2012
33577,70,0.345509,2012
33577,71,0.364086,2012
33577,72,0.415235,2012
33577,73,0.457158,2012
33577,74,0.432192,2012
33577,75,0.398667,2012
33577,76,0.393448,2012
33577,77,0.428321,2012
33577,78,0.464292,2012
33577,79,0.455747,2012
33577,80,0.424021,2012
33577,81,0.371359,2012
33577,82,0.339937,2012
33577,83,0.363042,2012
33577,84,0.355589,2012
33577,85,0.338631,2012
33577,86,0.294376,2012
33577,87,0.264996,2012
33577,88,0.245242,2012
33577,89,0.255571,2012
33577,90,0.269366,2012
33577,91,0.270272,2012
33577,92,0.26431,2012
33577,93,0.281195,2012
33577,94,0.326431,2012
33577,95,0.36191,2012
33577,96,0.368579,2012
33577,97,0.411997,2012
33577,98,0.353597,2012
33577,99,0.346556,2012
33577,100,0.407338,2012
33577,101,0.385654,2012
33577,102,0.326471,2012
33577,103,0.280504,2012
33577,104,0.241509,2012
33577,105,0.149569,2012
33577,106,0.088161,2012
33577,107,0.026144,2012
33577,108,0.0,2012
33577,109,0.0,2012
33577,110,0.0,2012
33577,111,0.0,2012
33577,112,0.0,2012
33577,113,0.0,2012
33577,114,0.0,2012
33577,115,0.0,2012
33577,116,0.0,2012
33577,117,0.0,2012
33577,118,0.0,2012
33577,119,0.0,2012
33577,120,0.0,2012
33577,121,0.0,2012
33577,122,0.0,2012
33577,123,0.0,2012
33577,124,0.0,2012
33577,125,0.0,2012
33577,126,0.0,2012
33577,127,0.0,2012
33577,128,0.0,2012
33577,129,0.0,2012
33577,130,0.0,2012
33577,131,0.0,2012
33577,132,0.0,2012
33577,133,0.0,2012
33577,134,0.0,2012
33577,135,0.0,2012
33577,136,0.0,2012
33577,137,0.0,2012
33577,138,0.0,2012
33577,139,0.0,2012
33577,140,0.0,2012
33577,141,0.0,2012
33577,142,0.0,2012
33577,143,0.0,2012
33577,144,0.0,2012
33577,145,0.0,2012
33577,146,0.0,2012
33577,147,0.0,2012
33577,148,0.0,2012
33577,149,0.0,2012
33577,150,0.0,2012
33577,151,0.0,2012
33577,152,0.0,2012
33577,153,0.0,2012
33577,154,0.0,2012
33577,155,0.0,2012
33577,156,0.0,2012
33577,157,0.0,2012
33577,158,0.0,2012
33577,159,0.0,2012
33577,160,0.0,2012
33577,161,0.0,2012
33577,162,0.0,2012
33577,163,0.0,2012
33577,164,0.0,2012
33577,165,0.0,2012
33577,166,0.0,2012
33577,167,0.0,2012
33577,168,0.0,2012
33577,169,0.0,2012
33577,170,0.0,2012
33577,171,0.0,2012
33577,172,0.0,2012
33577,173,0.0,2012
33577,174,0.0,2012
33577,175,0.0,2012
33577,176,0.0,2012
33577,177,0.0,2012
33577,178,0.0,2012
33577,179,0.0,2012
33577,180,0.0,2012
33577,181,0.0,2012
33577,182,0.0,2012
33577,183,0.0,2012
33577,184,0.0,2012
33577,185,0.0,2012
33577,186,0.0,2012
33577,187,0.0,2012
33577,188,0.0,2012
33577,189,0.0,2012
33577,190,0.0,2012
33577,191,0.0,2012
33577,192,0.0,2012
33577,193,0.0,2012
33577,194,0.0,2012
33577,195,0.0,2012
33577,196,0.0,2012
33577,197,0.0,2012
33577,198,0.0,2012
33577,199,0.006403,2012
33577,200,0.053608,2012
33577,201,0.059179,2012
33577,202,0.041084,2012
33577,203,0.069237,2012
33577,204,0.079175,2012
33577,205,0.042019,2012
33577,206,0.074453,2012
33577,207,0.085515,2012
33577,208,0.091184,2012
33577,209,0.085103,2012
33577,210,0.075776,2012
33577,211,0.097134,2012
33577,212,0.098523,2012
33577,213,0.079361,2012
33577,214,0.152363,2012
33577,215,0.183483,2012
33577,216,0.141491,2012
33577,217,0.187446,2012
33577,218,0.179102,2012
33577,219,0.214842,2012
33577,220,0.195271,2012
33577,221,0.212005,2012
33577,222,0.242145,2012
33577,223,0.299223,2012
33577,224,0.292564,2012
33577,225,0.242257,2012
33577,226,0.241479,2012
33577,227,0.23762,2012
33577,228,0.216198,2012
33577,229,0.188436,2012
33577,230,0.157569,2012
33577,231,0.124048,2012
33577,232,0.097202,2012
33577,233,0.143808,2012
33577,234,0.160806,2012
33577,235,0.189578,2012
33577,236,0.158573,2012
33577,237,0.182398,2012
33577,238,0.172124,2012
33577,239,0.189049,2012
33577,240,0.253151,2012
38648,1,0.482183,2012
38648,2,0.563428,2012
38648,3,0.537468,2012
38648,4,0.488334,2012
38648,5,0.425359,2012
38648,6,0.451217,2012
38648,7,0.413266,2012
38648,8,0.347564,2012
38648,9,0.320918,2012
38648,10,0.301375,2012
38648,11,0.231892,2012
38648,12,0.22032,2012
38648,13,0.142678,2012
38648,14,0.142374,2012
38648,15,0.184744,2012
38648,16,0.160767,2012
38648,17,0.206206,2012
38648,18,0.241929,2012
38648,19,0.219202,2012
38648,20,0.256092,2012
38648,21,0.317508,2012
38648,22,0.32412,2012
38648,23,0.287895,2012
38648,24,0.36998,2012
38648,25,0.32934,2012
38648,26,0.414158,2012
38648,27,0.365561,2012
38648,28,0.391344,2012
38648,29,0.425932,2012
38648,30,0.380069,2012
38648,31,0.33921,2012
38648,32,0.276716,2012
38648,33,0.267819,2012
38648,34,0.228217,2012
38648,35,0.211067,2012
38648,36,0.235154,2012
38648,37,0.163412,2012
38648,38,0.167775,2012
38648,39,0.160177,2012
38648,40,0.103434,2012
38648,41,0.134683,2012
38648,42,0.174995,2012
38648,43,0.185429,2012
38648,44,0.234369,2012
38648,45,0.271227,2012
38648,46,0.314443,2012
38648,47,0.362389,2012
38648,48,0.458889,2012
38648,49,0.522916,2012
38648,50,0.479687,2012
38648,51,0.580743,2012
38648,52,0.603733,2012
38648,53,0.476667,2012
38648,54,0.391096,2012
38648,55,0.362577,2012
38648,56,0.351361,2012
38648,57,0.347212,2012
38648,58,0.312011,2012
38648,59,0.250901,2012
38648,60,0.164154,2012
38648,61,0.088359,2012
38648,62,0.109349,2012
38648,63,0.106514,2012
38648,64,0.129988,2012
38648,65,0.121655,2012
38648,66,0.153558,2012
38648,67,0.211767,2012
38648,68,0.242838,2012
38648,69,0.275515,2012
38648,70,0.292757,2012
38648,71,0.256772,2012
38648,72,0.273341,2012
38648,73,0.267512,2012
38648,74,0.340298,2012
38648,75,0.345076,2012
38648,76,0.388909,2012
38648,77,0.389084,2012
38648,78,0.398103,2012
38648,79,0.296931,2012
38648,80,0.258813,2012
38648,81,0.168586,2012
38648,82,0.19957,2012
38648,83,0.272986,2012
38648,84,0.251155,2012
38648,85,0.225123,2012
38648,86,0.196716,2012
38648,87,0.134949,2012
38648,88,0.103649,2012
38648,89,0.077225,2012
38648,90,0.017126,2012
38648,91,0.013692,2012
38648,92,0.087075,2012
38648,93,0.180668,2012
38648,94,0.196669,2012
38648,95,0.197205,2012
38648,96,0.193086,2012
38648,97,0.192258,2012
38648,98,0.21059,2012
38648,99,0.136499,2012
38648,100,0.191474,2012
38648,101,0.15718,2012
38648,102,0.129348,2012
38648,103,0.172594,2012
38648,104,0.179241,2012
38648,105,0.211048,2012
38648,106,0.131792,2012
38648,107,0.042983,2012
38648,108,0.012424,2012
38648,109,0.05962,2012
38648,110,0.020999,2012
38648,111,0.00089,2012
38648,112,0.0,2012
38648,113,0.0,2012
38648,114,0.0,2012
38648,115,0.04572,2012
38648,116,0.057854,2012
38648,117,0.032267,2012
38648,118,0.053337,2012
38648,119,0.0,2012
38648,120,0.0,2012
38648,121,0.018624,2012
38648,122,0.091372,2012
38648,123,0.224418,2012
38648,124,0.245507,2012
38648,125,0.265766,2012
38648,126,0.238799,2012
38648,127,0.265154,2012
38648,128,0.188812,2012
38648,129,0.172309,2012
38648,130,0.184254,2012
38648,131,0.125672,2012
38648,132,0.080565,2012
38648,133,0.041013,2012
38648,134,0.031301,2012
38648,135,0.059664,2012
38648,136,0.068786,2012
38648,137,0.078544,2012
38648,138,0.072336,2012
38648,139,0.057665,2012
38648,140,0.010609,2012
38648,141,0.01828,2012
38648,142,0.050365,2012
38648,143,0.079435,2012
38648,144,0.145821,2012
38648,145,0.201079,2012
38648,146,0.284097,2012
38648,147,0.302759,2012
38648,148,0.306472,2012
38648,149,0.293059,2012
38648,150,0.329375,2012
38648,151,0.321029,2012
38648,152,0.334602,2012
38648,153,0.344191,2012
38648,154,0.292039,2012
38648,155,0.287509,2012
38648,156,0.250245,2012
38648,157,0.230546,2012
38648,158,0.169152,2012
38648,159,0.160904,2012
38648,160,0.161854,2012
38648,161,0.175333,2012
38648,162,0.180686,2012
38648,163,0.231273,2012
38648,164,0.242502,2012
38648,165,0.202541,2012
38648,166,0.167909,2012
38648,167,0.235513,2012
38648,168,0.15438,2012
38648,169,0.13864,2012
38648,170,0.056927,2012
38648,171,0.0,2012
38648,172,0.048169,2012
38648,173,0.0,2012
38648,174,0.0,2012
38648,175,0.0,2012
38648,176,0.0,2012
38648,177,0.0,2012
38648,178,0.012253,2012
38648,179,0.059457,2012
38648,180,0.046236,2012
38648,181,0.0,2012
38648,182,0.04286,2012
38648,183,0.101224,2012
38648,184,0.077089,2012
38648,185,0.06758,2012
38648,186,0.101141,2012
38648,187,0.11219,2012
38648,188,0.108708,2012
38648,189,0.159253,2012
38648,190,0.194613,2012
38648,191,0.295412,2012
38648,192,0.351815,2012
38648,193,0.441988,2012
38648,194,0.455557,2012
38648,195,0.426058,2012
38648,196,0.459667,2012
38648,197,0.510801,2012
38648,198,0.586399,2012
38648,199,0.532008,2012
38648,200,0.481243,2012
38648,201,0.436109,2012
38648,202,0.41003,2012
38648,203,0.376526,2012
38648,204,0.335844,2012
38648,205,0.24907,2012
38648,206,0.203526,2012
38648,207,0.169576,2012
38648,208,0.163241,2012
38648,209,0.174759,2012
38648,210,0.159263,2012
38648,211,0.148714,2012
38648,212,0.190192,2012
38648,213,0.256307,2012
38648,214,0.267838,2012
38648,215,0.30425,2012
38648,216,0.34281,2012
38648,217,0.319406,2012
38648,218,0.337662,2012
38648,219,0.365664,2012
38648,220,0.303161,2012
38648,221,0.325263,2012
38648,222,0.315191,2012
38648,223,0.302796,2012
38648,224,0.253313,2012
38648,225,0.28237,2012
38648,226,0.228212,2012
38648,227,0.187385,2012
38648,228,0.159887,2012
38648,229,0.138283,2012
38648,230,0.122187,2012
38648,231,0.115164,2012
38648,232,0.098472,2012
38648,233,0.085666,2012
38648,234,0.095867,2012
38648,235,0.153187,2012
38648,236,0.233913,2012
38648,237,0.261514,2012
38648,238,0.306103,2012
38648,239,0.400197,2012
38648,240,0.454165,2012
43396,1,0.478258,2012
43396,2,0.404016,2012
43396,3,0.39023,2012
43396,4,0.42444,2012
43396,5,0.428406,2012
43396,6,0.307476,2012
43396,7,0.245004,2012
43396,8,0.22621,2012
43396,9,0.202023,2012
43396,10,0.15004,2012
43396,11,0.173969,2012
43396,12,0.153976,2012
43396,13,0.139109,2012
43396,14,0.162098,2012
43396,15,0.127453,2012
43396,16,0.115324,2012
43396,17,0.113238,2012
43396,18,0.115374,2012
43396,19,0.117087,2012
43396,20,0.150901,2012
43396,21,0.12475,2012
43396,22,0.056249,2012
43396,23,0.049945,2012
43396,24,0.058494,2012
43396,25,0.061788,2012
43396,26,0.112286,2012
43396,27,0.101292,2012
43396,28,0.038441,2012
43396,29,0.0,2012
43396,30,0.0,2012
43396,31,0.0,2012
43396,32,0.001606,2012
43396,33,0.0,2012
43396,34,0.052522,2012
43396,35,0.063835,2012
43396,36,0.062598,2012
43396,37,0.058229,2012
43396,38,0.027226,2012
43396,39,0.033812,2012
43396,40,0.060195,2012
43396,41,0.045758,2012
43396,42,0.055576,2012
43396,43,0.095653,2012
43396,44,0.174312,2012
43396,45,0.187697,2012
43396,46,0.200914,2012
43396,47,0.215578,2012
43396,48,0.281471,2012
43396,49,0.301213,2012
43396,50,0.34564,2012
43396,51,0.345316,2012
43396,52,0.385191,2012
43396,53,0.448605,2012
43396,54,0.373946,2012
43396,55,0.305917,2012
43396,56,0.28427,2012
43396,57,0.248187,2012
43396,58,0.198665,2012
43396,59,0.161918,2012
43396,60,0.145805,2012
43396,61,0.11328,2012
43396,62,0.129189,2012
43396,63,0.155711,2012
43396,64,0.151067,2012
43396,65,0.122848,2012
43396,66,0.158938,2012
43396,67,0.189339,2012
43396,68,0.179492,2012
43396,69,0.165722,2012
43396,70,0.164319,2012
43396,71,0.204552,2012
43396,72,0.142142,2012
43396,73,0.125205,2012
43396,74,0.143684,2012
43396,75,0.073137,2012
43396,76,0.059057,2012
43396,77,0.018922,2012
43396,78,0.0,2012
43396,79,0.0,2012
43396,80,0.0,2012
43396,81,0.033763,2012
43396,82,0.014373,2012
43396,83,0.054421,2012
43396,84,0.077721,2012
43396,85,0.049876,2012
43396,86,0.042997,2012
43396,87,0.052508,2012
43396,88,0.072334,2012
43396,89,0.07605,2012
43396,90,0.100146,2012
43396,91,0.141093,2012
43396,92,0.179226,2012
43396,93,0.211217,2012
43396,94,0.204688,2012
43396,95,0.213498,2012
43396,96,0.232807,2012
43396,97,0.195513,2012
43396,98,0.236234,2012
43396,99,0.270785,2012
43396,100,0.152441,2012
43396,101,0.151089,2012
43396,102,0.215917,2012
43396,103,0.221905,2012
43396,104,0.191855,2012
43396,105,0.133516,2012
43396,106,0.125526,2012
43396,107,0.087797,2012
43396,108,0.170396,2012
43396,109,0.132159,2012
43396,110,0.134256,2012
43396,111,0.122297,2012
43396,112,0.101651,2012
43396,113,0.09916,2012
43396,114,0.084126,2012
43396,115,0.084344,2012
43396,116,0.058447,2012
43396,117,0.042047,2012
43396,118,0.008084,2012
43396,119,0.072872,2012
43396,120,0.094671,2012
43396,121,0.067057,2012
43396,122,0.097341,2012
43396,123,0.072051,2012
43396,124,0.0,2012
43396,125,0.03276,2012
43396,126,0.119844,2012
43396,127,0.053736,2012
43396,128,0.087786,2012
43396,129,0.128297,2012
43396,130,0.107102,2012
43396,131,0.111129,2012
43396,132,0.092672,2012
43396,133,0.082684,2012
43396,134,0.051695,2012
43396,135,0.051087,2012
43396,136,0.031026,2012
43396,137,0.047647,2012
43396,138,0.056093,2012
43396,139,0.077841,2012
43396,140,0.068791,2012
43396,141,0.091794,2012
43396,142,0.096014,2012
43396,143,0.11491,2012
43396,144,0.120413,2012
43396,145,0.041352,2012
43396,146,0.040987,2012
43396,147,0.111593,2012
43396,148,0.172185,2012
43396,149,0.162639,2012
43396,150,0.142397,2012
43396,151,0.082019,2012
43396,152,0.07924,2012
43396,153,0.100905,2012
43396,154,0.134477,2012
43396,155,0.14085,2012
43396,156,0.102072,2012
43396,157,0.04109,2012
43396,158,0.073112,2012
43396,159,0.110419,2012
43396,160,0.161078,2012
43396,161,0.158813,2012
43396,162,0.161797,2012
43396,163,0.240913,2012
43396,164,0.310699,2012
43396,165,0.328029,2012
43396,166,0.392921,2012
43396,167,0.448289,2012
43396,168,0.52875,2012
43396,169,0.475992,2012
43396,170,0.513656,2012
43396,171,0.489938,2012
43396,172,0.567599,2012
43396,173,0.540827,2012
43396,174,0.516208,2012
43396,175,0.494185,2012
43396,176,0.510233,2012
43396,177,0.480962,2012
43396,178,0.43491,2012
43396,179,0.379067,2012
43396,180,0.34655,2012
43396,181,0.298821,2012
43396,182,0.278722,2012
43396,183,0.265552,2012
43396,184,0.21256,2012
43396,185,0.221865,2012
43396,186,0.230003,2012
43396,187,0.178797,2012
43396,188,0.220908,2012
43396,189,0.239609,2012
43396,190,0.260781,2012
43396,191,0.237979,2012
43396,192,0.246806,2012
43396,193,0.31764,2012
43396,194,0.343283,2012
43396,195,0.378727,2012
43396,196,0.403202,2012
43396,197,0.346846,2012
43396,198,0.255491,2012
43396,199,0.239046,2012
43396,200,0.207687,2012
43396,201,0.229769,2012
43396,202,0.193868,2012
43396,203,0.181789,2012
43396,204,0.141192,2012
43396,205,0.08065,2012
43396,206,0.077188,2012
43396,207,0.086798,2012
43396,208,0.071299,2012
43396,209,0.044267,2012
43396,210,0.02883,2012
43396,211,0.001809,2012
43396,212,0.0,2012
43396,213,0.0044,2012
43396,214,0.018731,2012
43396,215,0.021318,2012
43396,216,0.022154,2012
43396,217,0.094127,2012
43396,218,0.140215,2012
43396,219,0.146678,2012
43396,220,0.136985,2012
43396,221,0.145698,2012
43396,222,0.249057,2012
43396,223,0.195633,2012
43396,224,0.234812,2012
43396,225,0.209122,2012
43396,226,0.266822,2012
43396,227,0.260732,2012
43396,228,0.215776,2012
43396,229,0.163216,2012
43396,230,0.171114,2012
43396,231,0.171466,2012
43396,232,0.170452,2012
43396,233,0.172884,2012
43396,234,0.20809,2012
43396,235,0.236472,2012
43396,236,0.304191,2012
43396,237,0.349862,2012
43396,238,0.362623,2012
43396,239,0.367247,2012
43396,240,0.450468,2012
44932,1,0.0,2012
44932,2,0.0,2012
44932,3,0.0,2012
44932,4,0.0,2012
44932,5,0.0,2012
44932,6,0.0,2012
44932,7,0.0,2012
44932,8,0.0,2012
44932,9,0.0,2012
44932,10,0.0,2012
44932,11,0.0,2012
44932,12,0.0,2012
44932,13,0.0,2012
44932,14,0.0,2012
44932,15,0.0,2012
44932,16,0.0,2012
44932,17,0.0,2012
44932,18,0.0,2012
44932,19,0.0,2012
44932,20,0.0,2012
44932,21,0.0,2012
44932,22,0.0,2012
44932,23,0.0,2012
44932,24,0.0,2012
44932,25,0.009949,2012
44932,26,0.0,2012
44932,27,0.0,2012
44932,28,0.007671,2012
44932,29,0.033106,2012
44932,30,0.038241,2012
44932,31,0.068261,2012
44932,32,0.021225,2012
44932,33,0.0,2012
44932,34,0.0,2012
44932,35,0.0,2012
44932,36,0.0,2012
44932,37,0.0,2012
44932,38,0.0,2012
44932,39,0.0,2012
44932,40,0.0,2012
44932,41,0.0,2012
44932,42,0.0,2012
44932,43,0.0,2012
44932,44,0.0,2012
44932,45,0.0,2012
44932,46,0.0,2012
44932,47,0.0,2012
44932,48,0.0,2012
44932,49,0.0,2012
44932,50,0.0,2012
44932,51,0.0,2012
44932,52,0.0,2012
44932,53,0.031656,2012
44932,54,0.037646,2012
44932,55,0.0,2012
44932,56,0.0,2012
44932,57,0.0,2012
44932,58,0.0,2012
44932,59,0.0,2012
44932,60,0.0,2012
44932,61,0.0,2012
44932,62,0.0,2012
44932,63,0.0,2012
44932,64,0.0,2012
44932,65,0.0,2012
44932,66,0.0,2012
44932,67,0.0,2012
44932,68,0.0,2012
44932,69,0.0,2012
44932,70,0.0,2012
44932,71,0.0,2012
44932,72,0.0,2012
44932,73,0.003464,2012
44932,74,0.005,2012
44932,75,0.0,2012
44932,76,0.0,2012
44932,77,0.0,2012
44932,78,0.0,2012
44932,79,0.0,2012
44932,80,0.0,2012
44932,81,0.0,2012
44932,82,0.0,2012
44932,83,0.0,2012
44932,84,0.0,2012
44932,85,0.0,2012
44932,86,0.0,2012
44932,87,0.0,2012
44932,88,0.013788,2012
44932,89,0.0,2012
44932,90,0.003995,2012
44932,91,0.0,2012
44932,92,0.0,2012
44932,93,0.0,2012
44932,94,0.0,2012
44932,95,0.0,2012
44932,96,0.0,2012
44932,97,0.0,2012
44932,98,0.0,2012
44932,99,0.0,2012
44932,100,0.0,2012
44932,101,0.0,2012
44932,102,0.003108,2012
44932,103,0.0,2012
44932,104,0.0,2012
44932,105,0.0,2012
44932,106,0.035115,2012
44932,107,0.0,2012
44932,108,0.0,2012
44932,109,0.0,2012
44932,110,0.0,2012
44932,111,0.0,2012
44932,112,0.0,2012
44932,113,0.0,2012
44932,114,0.0,2012
44932,115,0.0,2012
44932,116,0.0,2012
44932,117,0.0,2012
44932,118,0.0,2012
44932,119,0.01141,2012
44932,120,0.0,2012
44932,121,0.0,2012
44932,122,0.0,2012
44932,123,0.0,2012
44932,124,0.0,2012
44932,125,0.0,2012
44932,126,0.0,2012
44932,127,0.0,2012
44932,128,0.0,2012
44932,129,0.0,2012
44932,130,0.0,2012
44932,131,0.06644,2012
44932,132,0.055476,2012
44932,133,0.055227,2012
44932,134,0.053017,2012
44932,135,0.035622,2012
44932,136,0.049887,2012
44932,137,0.096156,2012
44932,138,0.073064,2012
44932,139,0.073503,2012
44932,140,0.128443,2012
44932,141,0.133694,2012
44932,142,0.137267,2012
44932,143,0.239305,2012
44932,144,0.202753,2012
44932,145,0.237429,2012
44932,146,0.31464,2012
44932,147,0.260928,2012
44932,148,0.2655,2012
44932,149,0.355083,2012
44932,150,0.391767,2012
44932,151,0.344509,2012
44932,152,0.334455,2012
44932,153,0.332457,2012
44932,154,0.304759,2012
44932,155,0.275984,2012
44932,156,0.289609,2012
44932,157,0.265379,2012
44932,158,0.278015,2012
44932,159,0.277196,2012
44932,160,0.272212,2012
44932,161,0.27692,2012
44932,162,0.293889,2012
44932,163,0.329193,2012
44932,164,0.347918,2012
44932,165,0.40117,2012
44932,166,0.442998,2012
44932,167,0.479762,2012
44932,168,0.506429,2012
44932,169,0.523836,2012
44932,170,0.576893,2012
44932,171,0.562816,2012
44932,172,0.589681,2012
44932,173,0.579387,2012
44932,174,0.586399,2012
44932,175,0.521582,2012
44932,176,0.510227,2012
44932,177,0.468624,2012
44932,178,0.437088,2012
44932,179,0.380082,2012
44932,180,0.335002,2012
44932,181,0.311311,2012
44932,182,0.27641,2012
44932,183,0.259165,2012
44932,184,0.264237,2012
44932,185,0.257067,2012
44932,186,0.257624,2012
44932,187,0.294239,2012
44932,188,0.321445,2012
44932,189,0.345612,2012
44932,190,0.349914,2012
44932,191,0.408615,2012
44932,192,0.423498,2012
44932,193,0.468985,2012
44932,194,0.462659,2012
44932,195,0.423008,2012
44932,196,0.436045,2012
44932,197,0.455138,2012
44932,198,0.411981,2012
44932,199,0.369853,2012
44932,200,0.301951,2012
44932,201,0.246226,2012
44932,202,0.218898,2012
44932,203,0.200873,2012
44932,204,0.199689,2012
44932,205,0.184553,2012
44932,206,0.169538,2012
44932,207,0.155636,2012
44932,208,0.11891,2012
44932,209,0.115875,2012
44932,210,0.098266,2012
44932,211,0.128587,2012
44932,212,0.167977,2012
44932,213,0.208335,2012
44932,214,0.233638,2012
44932,215,0.313439,2012
44932,216,0.354833,2012
44932,217,0.348229,2012
44932,218,0.323012,2012
44932,219,0.265574,2012
44932,220,0.273525,2012
44932,221,0.221102,2012
44932,222,0.213099,2012
44932,223,0.145767,2012
44932,224,0.114517,2012
44932,225,0.04235,2012
44932,226,0.019318,2012
44932,227,0.0,2012
44932,228,0.0,2012
44932,229,0.0,2012
44932,230,0.0,2012
44932,231,0.0,2012
44932,232,0.0,2012
44932,233,0.021961,2012
44932,234,0.001087,2012
44932,235,0.017506,2012
44932,236,0.0,2012
44932,237,0.0,2012
44932,238,0.0,2012
44932,239,0.0,2012
44932,240,0.0,2012
33718,1,0.29022,2012
33718,2,0.305414,2012
33718,3,0.287034,2012
33718,4,0.240303,2012
33718,5,0.198437,2012
33718,6,0.166093,2012
33718,7,0.122286,2012
33718,8,0.085556,2012
33718,9,0.009668,2012
33718,10,0.0,2012
33718,11,0.0,2012
33718,12,0.0,2012
33718,13,0.0,2012
33718,14,0.0,2012
33718,15,0.0,2012
33718,16,0.0,2012
33718,17,0.0,2012
33718,18,0.0,2012
33718,19,0.0,2012
33718,20,0.0,2012
33718,21,0.0,2012
33718,22,0.0,2012
33718,23,0.0,2012
33718,24,0.0,2012
33718,25,0.0,2012
33718,26,0.0,2012
33718,27,0.0,2012
33718,28,0.0,2012
33718,29,0.0,2012
33718,30,0.0,2012
33718,31,0.0,2012
33718,32,0.0,2012
33718,33,0.0,2012
33718,34,0.014318,2012
33718,35,0.058706,2012
33718,36,0.09342,2012
33718,37,0.115504,2012
33718,38,0.084515,2012
33718,39,0.115296,2012
33718,40,0.149446,2012
33718,41,0.153093,2012
33718,42,0.138457,2012
33718,43,0.205841,2012
33718,44,0.248233,2012
33718,45,0.260664,2012
33718,46,0.288409,2012
33718,47,0.286569,2012
33718,48,0.255271,2012
33718,49,0.242521,2012
33718,50,0.344208,2012
33718,51,0.359308,2012
33718,52,0.348595,2012
33718,53,0.358107,2012
33718,54,0.389776,2012
33718,55,0.343101,2012
33718,56,0.226803,2012
33718,57,0.192434,2012
33718,58,0.188282,2012
33718,59,0.175794,2012
33718,60,0.137123,2012
33718,61,0.141382,2012
33718,62,0.111685,2012
33718,63,0.099466,2012
33718,64,0.090015,2012
33718,65,0.087303,2012
33718,66,0.08333,2012
33718,67,0.099196,2012
33718,68,0.077484,2012
33718,69,0.114064,2012
33718,70,0.18508,2012
33718,71,0.250092,2012
33718,72,0.266004,2012
33718,73,0.276021,2012
33718,74,0.281096,2012
33718,75,0.233948,2012
33718,76,0.205777,2012
33718,77,0.242911,2012
33718,78,0.219376,2012
33718,79,0.183026,2012
33718,80,0.093403,2012
33718,81,0.114741,2012
33718,82,0.065428,2012
33718,83,0.095685,2012
33718,84,0.158563,2012
33718,85,0.09813,2012
33718,86,0.088755,2012
33718,87,0.056837,2012
33718,88,0.096981,2012
33718,89,0.116513,2012
33718,90,0.162421,2012
33718,91,0.10763,2012
33718,92,0.112322,2012
33718,93,0.060978,2012
33718,94,0.073442,2012
33718,95,0.018121,2012
33718,96,0.001483,2012
33718,97,0.04168,2012
33718,98,0.000927,2012
33718,99,0.0,2012
33718,100,0.0,2012
33718,101,0.0,2012
33718,102,0.0,2012
33718,103,0.0,2012
33718,104,0.0,2012
33718,105,0.003044,2012
33718,106,0.0,2012
33718,107,0.0,2012
33718,108,0.0,2012
33718,109,0.0,2012
33718,110,0.0,2012
33718,111,0.0,2012
33718,112,0.0,2012
33718,113,0.0,2012
33718,114,0.019393,2012
33718,115,0.03762,2012
33718,116,0.071966,2012
33718,117,0.107061,2012
33718,118,0.131269,2012
33718,119,0.188354,2012
33718,120,0.193673,2012
33718,121,0.225301,2012
33718,122,0.243955,2012
33718,123,0.280087,2012
33718,124,0.242605,2012
33718,125,0.205348,2012
33718,126,0.202651,2012
33718,127,0.23728,2012
33718,128,0.201457,2012
33718,129,0.26146,2012
33718,130,0.229026,2012
33718,131,0.22705,2012
33718,132,0.175908,2012
33718,133,0.105602,2012
33718,134,0.082426,2012
33718,135,0.095283,2012
33718,136,0.061288,2012
33718,137,0.111733,2012
33718,138,0.125358,2012
33718,139,0.104245,2012
33718,140,0.125842,2012
33718,141,0.131699,2012
33718,142,0.184806,2012
33718,143,0.181351,2012
33718,144,0.222103,2012
33718,145,0.207336,2012
33718,146,0.147418,2012
33718,147,0.212988,2012
33718,148,0.214687,2012
33718,149,0.159671,2012
33718,150,0.150184,2012
33718,151,0.182676,2012
33718,152,0.214899,2012
33718,153,0.220028,2012
33718,154,0.206827,2012
33718,155,0.183461,2012
33718,156,0.162339,2012
33718,157,0.15205,2012
33718,158,0.16167,2012
33718,159,0.159803,2012
33718,160,0.148711,2012
33718,161,0.152464,2012
33718,162,0.169544,2012
33718,163,0.171978,2012
33718,164,0.173738,2012
33718,165,0.274238,2012
33718,166,0.23115,2012
33718,167,0.256166,2012
33718,168,0.31671,2012
33718,169,0.363742,2012
33718,170,0.368575,2012
33718,171,0.436949,2012
33718,172,0.482206,2012
33718,173,0.515365,2012
33718,174,0.483216,2012
33718,175,0.460884,2012
33718,176,0.48935,2012
33718,177,0.490764,2012
33718,178,0.416087,2012
33718,179,0.38947,2012
33718,180,0.315869,2012
33718,181,0.312545,2012
33718,182,0.228945,2012
33718,183,0.160623,2012
33718,184,0.151077,2012
33718,185,0.137633,2012
33718,186,0.139297,2012
33718,187,0.164961,2012
33718,188,0.207434,2012
33718,189,0.201107,2012
33718,190,0.189918,2012
33718,191,0.179529,2012
33718,192,0.17278,2012
33718,193,0.152497,2012
33718,194,0.333333,2012
33718,195,0.439821,2012
33718,196,0.465229,2012
33718,197,0.523223,2012
33718,198,0.50746,2012
33718,199,0.486415,2012
33718,200,0.393332,2012
33718,201,0.337517,2012
33718,202,0.350004,2012
33718,203,0.330412,2012
33718,204,0.304036,2012
33718,205,0.256427,2012
33718,206,0.225407,2012
33718,207,0.187333,2012
33718,208,0.19921,2012
33718,209,0.192169,2012
33718,210,0.212239,2012
33718,211,0.181045,2012
33718,212,0.191281,2012
33718,213,0.168106,2012
33718,214,0.232702,2012
33718,215,0.274981,2012
33718,216,0.257816,2012
33718,217,0.281326,2012
33718,218,0.267249,2012
33718,219,0.321733,2012
33718,220,0.325115,2012
33718,221,0.2815,2012
33718,222,0.267637,2012
33718,223,0.280676,2012
33718,224,0.299872,2012
33718,225,0.288548,2012
33718,226,0.277987,2012
33718,227,0.294392,2012
33718,228,0.264829,2012
33718,229,0.222162,2012
33718,230,0.210056,2012
33718,231,0.203676,2012
33718,232,0.184807,2012
33718,233,0.198188,2012
33718,234,0.185427,2012
33718,235,0.167237,2012
33718,236,0.184762,2012
33718,237,0.213419,2012
33718,238,0.292185,2012
33718,239,0.252476,2012
33718,240,0.273356,2012
33517,1,0.118026,2012
33517,2,0.143613,2012
33517,3,0.150922,2012
33517,4,0.171205,2012
33517,5,0.121379,2012
33517,6,0.141193,2012
33517,7,0.153881,2012
33517,8,0.153274,2012
33517,9,0.091592,2012
33517,10,0.068383,2012
33517,11,0.080691,2012
33517,12,0.067732,2012
33517,13,0.063679,2012
33517,14,0.082413,2012
33517,15,0.132905,2012
33517,16,0.113449,2012
33517,17,0.080385,2012
33517,18,0.058379,2012
33517,19,0.099262,2012
33517,20,0.1204,2012
33517,21,0.156113,2012
33517,22,0.127207,2012
33517,23,0.199684,2012
33517,24,0.242527,2012
33517,25,0.205313,2012
33517,26,0.220997,2012
33517,27,0.159669,2012
33517,28,0.153892,2012
33517,29,0.26102,2012
33517,30,0.382408,2012
33517,31,0.39059,2012
33517,32,0.286791,2012
33517,33,0.267868,2012
33517,34,0.216469,2012
33517,35,0.253128,2012
33517,36,0.227941,2012
33517,37,0.228928,2012
33517,38,0.195244,2012
33517,39,0.19986,2012
33517,40,0.207678,2012
33517,41,0.212436,2012
33517,42,0.216887,2012
33517,43,0.2169,2012
33517,44,0.259228,2012
33517,45,0.303181,2012
33517,46,0.316039,2012
33517,47,0.337284,2012
33517,48,0.295691,2012
33517,49,0.33892,2012
33517,50,0.342584,2012
33517,51,0.379111,2012
33517,52,0.359367,2012
33517,53,0.353314,2012
33517,54,0.318069,2012
33517,55,0.291096,2012
33517,56,0.279835,2012
33517,57,0.208957,2012
33517,58,0.138425,2012
33517,59,0.084459,2012
33517,60,0.164329,2012
33517,61,0.180917,2012
33517,62,0.201201,2012
33517,63,0.164706,2012
33517,64,0.191141,2012
33517,65,0.188088,2012
33517,66,0.156748,2012
33517,67,0.174025,2012
33517,68,0.207134,2012
33517,69,0.230382,2012
33517,70,0.274661,2012
33517,71,0.254758,2012
33517,72,0.213295,2012
33517,73,0.231974,2012
33517,74,0.297794,2012
33517,75,0.359782,2012
33517,76,0.322232,2012
33517,77,0.237168,2012
33517,78,0.25962,2012
33517,79,0.240578,2012
33517,80,0.173296,2012
33517,81,0.096101,2012
33517,82,0.086063,2012
33517,83,0.093857,2012
33517,84,0.051801,2012
33517,85,0.03393,2012
33517,86,0.011874,2012
33517,87,0.005351,2012
33517,88,0.03699,2012
33517,89,0.06339,2012
33517,90,0.035256,2012
33517,91,0.010618,2012
33517,92,0.0,2012
33517,93,0.0,2012
33517,94,0.0,2012
33517,95,0.0,2012
33517,96,0.0,2012
33517,97,0.0,2012
33517,98,0.0,2012
33517,99,0.0,2012
33517,100,0.0,2012
33517,101,0.0,2012
33517,102,0.0,2012
33517,103,0.0,2012
33517,104,0.0,2012
33517,105,0.0,2012
33517,106,0.0,2012
33517,107,0.0,2012
33517,108,0.0,2012
33517,109,0.0,2012
33517,110,0.0,2012
33517,111,0.0,2012
33517,112,0.0,2012
33517,113,0.0,2012
33517,114,0.0,2012
33517,115,0.0,2012
33517,116,0.0,2012
33517,117,0.0,2012
33517,118,0.0,2012
33517,119,0.0,2012
33517,120,0.0,2012
33517,121,0.0,2012
33517,122,0.0,2012
33517,123,0.0,2012
33517,124,0.0,2012
33517,125,0.0,2012
33517,126,0.0,2012
33517,127,0.029503,2012
33517,128,0.041363,2012
33517,129,0.062799,2012
33517,130,0.03092,2012
33517,131,0.100602,2012
33517,132,0.093019,2012
33517,133,0.124886,2012
33517,134,0.116119,2012
33517,135,0.105831,2012
33517,136,0.158718,2012
33517,137,0.168617,2012
33517,138,0.205374,2012
33517,139,0.255511,2012
33517,140,0.246237,2012
33517,141,0.270062,2012
33517,142,0.293304,2012
33517,143,0.268608,2012
33517,144,0.258999,2012
33517,145,0.247038,2012
33517,146,0.315699,2012
33517,147,0.277906,2012
33517,148,0.293888,2012
33517,149,0.26434,2012
33517,150,0.253674,2012
33517,151,0.158688,2012
33517,152,0.158585,2012
33517,153,0.163817,2012
33517,154,0.143974,2012
33517,155,0.099678,2012
33517,156,0.079292,2012
33517,157,0.094526,2012
33517,158,0.136841,2012
33517,159,0.146095,2012
33517,160,0.157089,2012
33517,161,0.16512,2012
33517,162,0.177303,2012
33517,163,0.214625,2012
33517,164,0.251498,2012
33517,165,0.280372,2012
33517,166,0.31297,2012
33517,167,0.335636,2012
33517,168,0.414294,2012
33517,169,0.456785,2012
33517,170,0.44859,2012
33517,171,0.402183,2012
33517,172,0.494367,2012
33517,173,0.563654,2012
33517,174,0.55672,2012
33517,175,0.516161,2012
33517,176,0.503799,2012
33517,177,0.490764,2012
33517,178,0.387353,2012
33517,179,0.330175,2012
33517,180,0.255219,2012
33517,181,0.196171,2012
33517,182,0.190265,2012
33517,183,0.192783,2012
33517,184,0.217212,2012
33517,185,0.234737,2012
33517,186,0.258535,2012
33517,187,0.2499,2012
33517,188,0.290685,2012
33517,189,0.299379,2012
33517,190,0.336797,2012
33517,191,0.351602,2012
33517,192,0.348505,2012
33517,193,0.373108,2012
33517,194,0.444429,2012
33517,195,0.512169,2012
33517,196,0.468947,2012
33517,197,0.469134,2012
33517,198,0.43643,2012
33517,199,0.391894,2012
33517,200,0.369246,2012
33517,201,0.341645,2012
33517,202,0.346454,2012
33517,203,0.339256,2012
33517,204,0.313978,2012
33517,205,0.27802,2012
33517,206,0.216173,2012
33517,207,0.218212,2012
33517,208,0.200688,2012
33517,209,0.217187,2012
33517,210,0.23972,2012
33517,211,0.313496,2012
33517,212,0.342806,2012
33517,213,0.405593,2012
33517,214,0.421881,2012
33517,215,0.433658,2012
33517,216,0.517847,2012
33517,217,0.473236,2012
33517,218,0.48153,2012
33517,219,0.44511,2012
33517,220,0.501736,2012
33517,221,0.419955,2012
33517,222,0.43318,2012
33517,223,0.437438,2012
33517,224,0.392329,2012
33517,225,0.29622,2012
33517,226,0.271596,2012
33517,227,0.255106,2012
33517,228,0.230482,2012
33517,229,0.223531,2012
33517,230,0.221756,2012
33517,231,0.208388,2012
33517,232,0.178626,2012
33517,233,0.109262,2012
33517,234,0.128241,2012
33517,235,0.174013,2012
33517,236,0.180599,2012
33517,237,0.197133,2012
33517,238,0.211588,2012
33517,239,0.221345,2012
33517,240,0.111168,2012
40924,1,0.0,2012
40924,2,0.0,2012
40924,3,0.0,2012
40924,4,0.0,2012
40924,5,0.006188,2012
40924,6,0.126658,2012
40924,7,0.090545,2012
40924,8,0.138151,2012
40924,9,0.123335,2012
40924,10,0.050947,2012
40924,11,0.037243,2012
40924,12,0.06146,2012
40924,13,0.034203,2012
40924,14,0.0,2012
40924,15,0.017872,2012
40924,16,0.012749,2012
40924,17,0.003206,2012
40924,18,0.0,2012
40924,19,0.0,2012
40924,20,0.0,2012
40924,21,0.0,2012
40924,22,0.0,2012
40924,23,0.0,2012
40924,24,0.0,2012
40924,25,0.0,2012
40924,26,0.0,2012
40924,27,0.0,2012
40924,28,0.0,2012
40924,29,0.0,2012
40924,30,0.0,2012
40924,31,0.0,2012
40924,32,0.0,2012
40924,33,0.0,2012
40924,34,0.0,2012
40924,35,0.0,2012
40924,36,0.0,2012
40924,37,0.0,2012
40924,38,0.0,2012
40924,39,0.0,2012
40924,40,0.0,2012
40924,41,0.0,2012
40924,42,0.0,2012
40924,43,0.009596,2012
40924,44,0.019461,2012
40924,45,0.0,2012
40924,46,0.0,2012
40924,47,0.0,2012
40924,48,0.0,2012
40924,49,0.0,2012
40924,50,0.019259,2012
40924,51,0.130839,2012
40924,52,0.112825,2012
40924,53,0.080418,2012
40924,54,0.077604,2012
40924,55,0.090549,2012
40924,56,0.138362,2012
40924,57,0.082962,2012
40924,58,0.113295,2012
40924,59,0.095546,2012
40924,60,0.069544,2012
40924,61,0.105917,2012
40924,62,0.127805,2012
40924,63,0.125463,2012
40924,64,0.135131,2012
40924,65,0.149398,2012
40924,66,0.169431,2012
40924,67,0.156667,2012
40924,68,0.219259,2012
40924,69,0.217531,2012
40924,70,0.23605,2012
40924,71,0.182608,2012
40924,72,0.220794,2012
40924,73,0.241608,2012
40924,74,0.214736,2012
40924,75,0.315083,2012
40924,76,0.185503,2012
40924,77,0.160335,2012
40924,78,0.212476,2012
40924,79,0.111822,2012
40924,80,0.120134,2012
40924,81,0.234368,2012
40924,82,0.234742,2012
40924,83,0.184676,2012
40924,84,0.196487,2012
40924,85,0.146682,2012
40924,86,0.190877,2012
40924,87,0.225044,2012
40924,88,0.222291,2012
40924,89,0.180934,2012
40924,90,0.224309,2012
40924,91,0.211948,2012
40924,92,0.237528,2012
40924,93,0.246303,2012
40924,94,0.220908,2012
40924,95,0.195185,2012
40924,96,0.207833,2012
40924,97,0.185604,2012
40924,98,0.246656,2012
40924,99,0.339201,2012
40924,100,0.353631,2012
40924,101,0.331939,2012
40924,102,0.331862,2012
40924,103,0.358699,2012
40924,104,0.338189,2012
40924,105,0.341317,2012
40924,106,0.296602,2012
40924,107,0.240891,2012
40924,108,0.249303,2012
40924,109,0.240635,2012
40924,110,0.218945,2012
40924,111,0.215015,2012
40924,112,0.199436,2012
40924,113,0.162117,2012
40924,114,0.185414,2012
40924,115,0.227018,2012
40924,116,0.250471,2012
40924,117,0.264598,2012
40924,118,0.251336,2012
40924,119,0.270784,2012
40924,120,0.305617,2012
40924,121,0.321824,2012
40924,122,0.38947,2012
40924,123,0.450327,2012
40924,124,0.46538,2012
40924,125,0.396344,2012
40924,126,0.368677,2012
40924,127,0.352923,2012
40924,128,0.376024,2012
40924,129,0.404769,2012
40924,130,0.35062,2012
40924,131,0.309608,2012
40924,132,0.247593,2012
40924,133,0.224053,2012
40924,134,0.201972,2012
40924,135,0.220356,2012
40924,136,0.206897,2012
40924,137,0.211078,2012
40924,138,0.205253,2012
40924,139,0.201611,2012
40924,140,0.266051,2012
40924,141,0.276697,2012
40924,142,0.344073,2012
40924,143,0.381953,2012
40924,144,0.383353,2012
40924,145,0.378712,2012
40924,146,0.445245,2012
40924,147,0.429495,2012
40924,148,0.494123,2012
40924,149,0.387243,2012
40924,150,0.382262,2012
40924,151,0.347286,2012
40924,152,0.356672,2012
40924,153,0.395937,2012
40924,154,0.365617,2012
40924,155,0.31434,2012
40924,156,0.279896,2012
40924,157,0.305701,2012
40924,158,0.291966,2012
40924,159,0.256372,2012
40924,160,0.247387,2012
40924,161,0.255814,2012
40924,162,0.290998,2012
40924,163,0.316489,2012
40924,164,0.313494,2012
40924,165,0.327955,2012
40924,166,0.397633,2012
40924,167,0.427445,2012
40924,168,0.433683,2012
40924,169,0.442932,2012
40924,170,0.520535,2012
40924,171,0.506535,2012
40924,172,0.489773,2012
40924,173,0.473405,2012
40924,174,0.469038,2012
40924,175,0.44961,2012
40924,176,0.409062,2012
40924,177,0.393908,2012
40924,178,0.35588,2012
40924,179,0.30124,2012
40924,180,0.215454,2012
40924,181,0.193404,2012
40924,182,0.174436,2012
40924,183,0.120037,2012
40924,184,0.100992,2012
40924,185,0.123922,2012
40924,186,0.097809,2012
40924,187,0.139148,2012
40924,188,0.166706,2012
40924,189,0.176837,2012
40924,190,0.232292,2012
40924,191,0.33491,2012
40924,192,0.370053,2012
40924,193,0.399873,2012
40924,194,0.420033,2012
40924,195,0.404865,2012
40924,196,0.48046,2012
40924,197,0.445622,2012
40924,198,0.525409,2012
40924,199,0.561369,2012
40924,200,0.480942,2012
40924,201,0.471856,2012
40924,202,0.440115,2012
40924,203,0.404668,2012
40924,204,0.36715,2012
40924,205,0.30166,2012
40924,206,0.24795,2012
40924,207,0.237358,2012
40924,208,0.257187,2012
40924,209,0.279275,2012
40924,210,0.256278,2012
40924,211,0.252292,2012
40924,212,0.247777,2012
40924,213,0.258756,2012
40924,214,0.276141,2012
40924,215,0.258676,2012
40924,216,0.235012,2012
40924,217,0.197509,2012
40924,218,0.159395,2012
40924,219,0.19457,2012
40924,220,0.133104,2012
40924,221,0.104406,2012
40924,222,0.093771,2012
40924,223,0.018612,2012
40924,224,0.045146,2012
40924,225,0.025071,2012
40924,226,0.013968,2012
40924,227,0.0,2012
40924,228,0.0,2012
40924,229,0.0,2012
40924,230,0.0,2012
40924,231,0.0,2012
40924,232,0.0,2012
40924,233,0.0,2012
40924,234,0.0,2012
40924,235,0.0,2012
40924,236,0.0,2012
40924,237,0.0,2012
40924,238,0.0,2012
40924,239,0.0,2012
40924,240,0.0,2012
38645,1,0.164056,2012
38645,2,0.194947,2012
38645,3,0.177318,2012
38645,4,0.168081,2012
38645,5,0.202353,2012
38645,6,0.153468,2012
38645,7,0.169491,2012
38645,8,0.177809,2012
38645,9,0.186132,2012
38645,10,0.119959,2012
38645,11,0.075768,2012
38645,12,0.032058,2012
38645,13,0.024382,2012
38645,14,0.063503,2012
38645,15,0.053783,2012
38645,16,0.052009,2012
38645,17,0.063033,2012
38645,18,0.047883,2012
38645,19,0.021516,2012
38645,20,0.007883,2012
38645,21,0.0,2012
38645,22,0.010744,2012
38645,23,0.053826,2012
38645,24,0.070248,2012
38645,25,0.101146,2012
38645,26,0.139921,2012
38645,27,0.130606,2012
38645,28,0.175181,2012
38645,29,0.10448,2012
38645,30,0.168008,2012
38645,31,0.121107,2012
38645,32,0.049297,2012
38645,33,0.063013,2012
38645,34,0.088281,2012
38645,35,0.071305,2012
38645,36,0.079166,2012
38645,37,0.047342,2012
38645,38,0.066639,2012
38645,39,0.059627,2012
38645,40,0.067239,2012
38645,41,0.071675,2012
38645,42,0.140787,2012
38645,43,0.16605,2012
38645,44,0.159881,2012
38645,45,0.144133,2012
38645,46,0.230735,2012
38645,47,0.235954,2012
38645,48,0.311593,2012
38645,49,0.377748,2012
38645,50,0.39948,2012
38645,51,0.377615,2012
38645,52,0.362325,2012
38645,53,0.334291,2012
38645,54,0.299957,2012
38645,55,0.321125,2012
38645,56,0.320266,2012
38645,57,0.338259,2012
38645,58,0.265086,2012
38645,59,0.269616,2012
38645,60,0.259122,2012
38645,61,0.257524,2012
38645,62,0.246152,2012
38645,63,0.213141,2012
38645,64,0.209789,2012
38645,65,0.22631,2012
38645,66,0.235065,2012
38645,67,0.276439,2012
38645,68,0.258241,2012
38645,69,0.273263,2012
38645,70,0.245612,2012
38645,71,0.202092,2012
38645,72,0.218488,2012
38645,73,0.246108,2012
38645,74,0.254766,2012
38645,75,0.296506,2012
38645,76,0.345465,2012
38645,77,0.342118,2012
38645,78,0.331067,2012
38645,79,0.234505,2012
38645,80,0.205581,2012
38645,81,0.175108,2012
38645,82,0.153588,2012
38645,83,0.167934,2012
38645,84,0.163037,2012
38645,85,0.102163,2012
38645,86,0.09678,2012
38645,87,0.062423,2012
38645,88,0.10492,2012
38645,89,0.113553,2012
38645,90,0.110311,2012
38645,91,0.091926,2012
38645,92,0.142922,2012
38645,93,0.1305,2012
38645,94,0.153955,2012
38645,95,0.201314,2012
38645,96,0.22528,2012
38645,97,0.262997,2012
38645,98,0.334804,2012
38645,99,0.348594,2012
38645,100,0.367546,2012
38645,101,0.421962,2012
38645,102,0.360376,2012
38645,103,0.356408,2012
38645,104,0.301077,2012
38645,105,0.267962,2012
38645,106,0.31118,2012
38645,107,0.314603,2012
38645,108,0.284317,2012
38645,109,0.287894,2012
38645,110,0.286908,2012
38645,111,0.256658,2012
38645,112,0.286212,2012
38645,113,0.27163,2012
38645,114,0.306074,2012
38645,115,0.32294,2012
38645,116,0.336288,2012
38645,117,0.379721,2012
38645,118,0.45,2012
38645,119,0.457367,2012
38645,120,0.39718,2012
38645,121,0.356774,2012
38645,122,0.334446,2012
38645,123,0.338974,2012
38645,124,0.277026,2012
38645,125,0.218805,2012
38645,126,0.177282,2012
38645,127,0.087199,2012
38645,128,0.101776,2012
38645,129,0.031156,2012
38645,130,0.018673,2012
38645,131,0.025572,2012
38645,132,0.0,2012
38645,133,0.004763,2012
38645,134,0.0,2012
38645,135,0.0,2012
38645,136,0.0,2012
38645,137,0.0,2012
38645,138,0.0,2012
38645,139,0.0,2012
38645,140,0.0,2012
38645,141,0.0,2012
38645,142,0.0,2012
38645,143,0.0,2012
38645,144,0.0,2012
38645,145,0.0,2012
38645,146,0.0,2012
38645,147,0.0,2012
38645,148,0.0,2012
38645,149,0.0,2012
38645,150,0.0,2012
38645,151,0.0,2012
38645,152,0.0,2012
38645,153,0.0,2012
38645,154,0.0,2012
38645,155,0.0,2012
38645,156,0.0,2012
38645,157,0.0,2012
38645,158,0.0,2012
38645,159,0.0,2012
38645,160,0.0,2012
38645,161,0.0,2012
38645,162,0.0,2012
38645,163,0.0,2012
38645,164,0.0,2012
38645,165,0.0,2012
38645,166,0.0,2012
38645,167,0.0,2012
38645,168,0.0,2012
38645,169,0.0,2012
38645,170,0.0,2012
38645,171,0.0,2012
38645,172,0.0,2012
38645,173,0.0,2012
38645,174,0.0,2012
38645,175,0.0,2012
38645,176,0.0,2012
38645,177,0.0,2012
38645,178,0.0,2012
38645,179,0.0,2012
38645,180,0.0,2012
38645,181,0.0,2012
38645,182,0.0,2012
38645,183,0.0,2012
38645,184,0.0,2012
38645,185,0.0,2012
38645,186,0.0,2012
38645,187,0.0,2012
38645,188,0.027238,2012
38645,189,0.045662,2012
38645,190,0.138211,2012
38645,191,0.204622,2012
38645,192,0.272966,2012
38645,193,0.290817,2012
38645,194,0.281202,2012
38645,195,0.245453,2012
38645,196,0.232028,2012
38645,197,0.21848,2012
38645,198,0.231256,2012
38645,199,0.219609,2012
38645,200,0.254053,2012
38645,201,0.195024,2012
38645,202,0.177747,2012
38645,203,0.215945,2012
38645,204,0.227319,2012
38645,205,0.191728,2012
38645,206,0.172481,2012
38645,207,0.194923,2012
38645,208,0.216959,2012
38645,209,0.189833,2012
38645,210,0.19477,2012
38645,211,0.197225,2012
38645,212,0.18817,2012
38645,213,0.230382,2012
38645,214,0.25091,2012
38645,215,0.254683,2012
38645,216,0.280592,2012
38645,217,0.230713,2012
38645,218,0.193589,2012
38645,219,0.270712,2012
38645,220,0.241138,2012
38645,221,0.238715,2012
38645,222,0.199385,2012
38645,223,0.280059,2012
38645,224,0.260836,2012
38645,225,0.255351,2012
38645,226,0.210955,2012
38645,227,0.209307,2012
38645,228,0.172391,2012
38645,229,0.112859,2012
38645,230,0.106257,2012
38645,231,0.093313,2012
38645,232,0.057011,2012
38645,233,0.061769,2012
38645,234,0.052178,2012
38645,235,0.088302,2012
38645,236,0.101966,2012
38645,237,0.074158,2012
38645,238,0.096278,2012
38645,239,0.112528,2012
38645,240,0.154523,2012
