year,region,time_index,load_mw,weather_year
2030,p60,1,569.0,2012
2030,p60,2,699.0,2012
2030,p60,3,672.0,2012
2030,p60,4,668.0,2012
2030,p60,5,544.0,2012
2030,p60,6,648.0,2012
2030,p60,7,657.0,2012
2030,p60,8,679.0,2012
2030,p60,9,868.0,2012
2030,p60,10,667.0,2012
2030,p60,11,606.0,2012
2030,p60,12,757.0,2012
2030,p60,13,736.0,2012
2030,p60,14,680.0,2012
2030,p60,15,642.0,2012
2030,p60,16,661.0,2012
2030,p60,17,720.0,2012
2030,p60,18,642.0,2012
2030,p60,19,678.0,2012
2030,p60,20,607.0,2012
2030,p60,21,664.0,2012
2030,p60,22,544.0,2012
2030,p60,23,685.0,2012
2030,p60,24,599.0,2012
2030,p60,25,690.0,2012
2030,p60,26,636.0,2012
2030,p60,27,702.0,2012
2030,p60,28,778.0,2012
2030,p60,29,842.0,2012
2030,p60,30,772.0,2012
2030,p60,31,706.0,2012
2030,p60,32,713.0,2012
2030,p60,33,689.0,2012
2030,p60,34,727.0,2012
2030,p60,35,632.0,2012
2030,p60,36,679.0,2012
2030,p60,37,646.0,2012
2030,p60,38,619.0,2012
2030,p60,39,534.0,2012
2030,p60,40,695.0,2012
2030,p60,41,547.0,2012
2030,p60,42,594.0,2012
2030,p60,43,539.0,2012
2030,p60,44,657.0,2012
2030,p60,45,563.0,2012
2030,p60,46,748.0,2012
2030,p60,47,582.0,2012
2030,p60,48,691.0,2012
2030,p60,49,627.0,2012
2030,p60,50,719.0,2012
2030,p60,51,604.0,2012
2030,p60,52,663.0,2012
2030,p60,53,662.0,2012
2030,p60,54,594.0,2012
2030,p60,55,669.0,2012
2030,p60,56,543.0,2012
2030,p60,57,753.0,2012
2030,p60,58,553.0,2012
2030,p60,59,748.0,2012
2030,p60,60,549.0,2012
2030,p60,61,823.0,2012
2030,p60,62,608.0,2012
2030,p60,63,785.0,2012
2030,p60,64,584.0,2012
2030,p60,65,737.0,2012
2030,p60,66,623.0,2012
2030,p60,67,806.0,2012
2030,p60,68,665.0,2012
2030,p60,69,763.0,2012
2030,p60,70,663.0,2012
2030,p60,71,652.0,2012
2030,p60,72,687.0,2012
2030,p60,73,604.0,2012
2030,p60,74,623.0,2012
2030,p60,75,544.0,2012
2030,p60,76,765.0,2012
2030,p60,77,611.0,2012
2030,p60,78,878.0,2012
2030,p60,79,572.0,2012
2030,p60,80,889.0,2012
2030,p60,81,617.0,2012
2030,p60,82,949.0,2012
2030,p60,83,606.0,2012
2030,p60,84,849.0,2012
2030,p60,85,661.0,2012
2030,p60,86,793.0,2012
2030,p60,87,668.0,2012
2030,p60,88,687.0,2012
2030,p60,89,711.0,2012
2030,p60,90,642.0,2012
2030,p60,91,772.0,2012
2030,p60,92,665.0,2012
2030,p60,93,818.0,2012
2030,p60,94,638.0,2012
2030,p60,95,952.0,2012
2030,p60,96,668.0,2012
2030,p60,97,936.0,2012
2030,p60,98,625.0,2012
2030,p60,99,1066.0,2012
2030,p60,100,664.0,2012
2030,p60,101,936.0,2012
2030,p60,102,629.0,2012
2030,p60,103,998.0,2012
2030,p60,104,757.0,2012
2030,p60,105,831.0,2012
2030,p60,106,708.0,2012
2030,p60,107,872.0,2012
2030,p60,108,863.0,2012
2030,p60,109,802.0,2012
2030,p60,110,932.0,2012
2030,p60,111,722.0,2012
2030,p60,112,974.0,2012
2030,p60,113,672.0,2012
2030,p60,114,1005.0,2012
2030,p60,115,661.0,2012
2030,p60,116,1069.0,2012
2030,p60,117,716.0,2012
2030,p60,118,1172.0,2012
2030,p60,119,744.0,2012
2030,p60,120,941.0,2012
2030,p60,121,735.0,2012
2030,p60,122,985.0,2012
2030,p60,123,779.0,2012
2030,p60,124,970.0,2012
2030,p60,125,727.0,2012
2030,p60,126,843.0,2012
2030,p60,127,840.0,2012
2030,p60,128,791.0,2012
2030,p60,129,905.0,2012
2030,p60,130,662.0,2012
2030,p60,131,1003.0,2012
2030,p60,132,715.0,2012
2030,p60,133,1125.0,2012
2030,p60,134,709.0,2012
2030,p60,135,1077.0,2012
2030,p60,136,737.0,2012
2030,p60,137,1103.0,2012
2030,p60,138,686.0,2012
2030,p60,139,1086.0,2012
2030,p60,140,776.0,2012
2030,p60,141,1104.0,2012
2030,p60,142,823.0,2012
2030,p60,143,987.0,2012
2030,p60,144,921.0,2012
2030,p60,145,955.0,2012
2030,p60,146,989.0,2012
2030,p60,147,791.0,2012
2030,p60,148,966.0,2012
2030,p60,149,778.0,2012
2030,p60,150,1057.0,2012
2030,p60,151,742.0,2012
2030,p60,152,921.0,2012
2030,p60,153,642.0,2012
2030,p60,154,934.0,2012
2030,p60,155,669.0,2012
2030,p60,156,999.0,2012
2030,p60,157,661.0,2012
2030,p60,158,1023.0,2012
2030,p60,159,746.0,2012
2030,p60,160,1016.0,2012
2030,p60,161,795.0,2012
2030,p60,162,938.0,2012
2030,p60,163,910.0,2012
2030,p60,164,868.0,2012
2030,p60,165,978.0,2012
2030,p60,166,651.0,2012
2030,p60,167,895.0,2012
2030,p60,168,675.0,2012
2030,p60,169,887.0,2012
2030,p60,170,565.0,2012
2030,p60,171,740.0,2012
2030,p60,172,582.0,2012
2030,p60,173,889.0,2012
2030,p60,174,599.0,2012
2030,p60,175,908.0,2012
2030,p60,176,684.0,2012
2030,p60,177,938.0,2012
2030,p60,178,727.0,2012
2030,p60,179,803.0,2012
2030,p60,180,612.0,2012
2030,p60,181,687.0,2012
2030,p60,182,687.0,2012
2030,p60,183,708.0,2012
2030,p60,184,696.0,2012
2030,p60,185,553.0,2012
2030,p60,186,707.0,2012
2030,p60,187,589.0,2012
2030,p60,188,875.0,2012
2030,p60,189,589.0,2012
2030,p60,190,792.0,2012
2030,p60,191,559.0,2012
2030,p60,192,755.0,2012
2030,p60,193,542.0,2012
2030,p60,194,838.0,2012
2030,p60,195,686.0,2012
2030,p60,196,853.0,2012
2030,p60,197,657.0,2012
2030,p60,198,623.0,2012
2030,p60,199,713.0,2012
2030,p60,200,628.0,2012
2030,p60,201,696.0,2012
2030,p60,202,643.0,2012
2030,p60,203,648.0,2012
2030,p60,204,565.0,2012
2030,p60,205,689.0,2012
2030,p60,206,557.0,2012
2030,p60,207,702.0,2012
2030,p60,208,548.0,2012
2030,p60,209,662.0,2012
2030,p60,210,629.0,2012
2030,p60,211,652.0,2012
2030,p60,212,592.0,2012
2030,p60,213,685.0,2012
2030,p60,214,602.0,2012
2030,p60,215,621.0,2012
2030,p60,216,609.0,2012
2030,p60,217,653.0,2012
2030,p60,218,702.0,2012
2030,p60,219,694.0,2012
2030,p60,220,670.0,2012
2030,p60,221,608.0,2012
2030,p60,222,719.0,2012
2030,p60,223,573.0,2012
2030,p60,224,680.0,2012
2030,p60,225,558.0,2012
2030,p60,226,667.0,2012
2030,p60,227,761.0,2012
2030,p60,228,681.0,2012
2030,p60,229,608.0,2012
2030,p60,230,673.0,2012
2030,p60,231,610.0,2012
2030,p60,232,736.0,2012
2030,p60,233,706.0,2012
2030,p60,234,746.0,2012
2030,p60,235,591.0,2012
2030,p60,236,690.0,2012
2030,p60,237,949.0,2012
2030,p60,238,759.0,2012
2030,p60,239,853.0,2012
2030,p60,240,710.0,2012
2030,p61,1,1147.0,2012
2030,p61,2,1409.0,2012
2030,p61,3,1354.0,2012
2030,p61,4,1347.0,2012
2030,p61,5,1097.0,2012
2030,p61,6,1306.0,2012
2030,p61,7,1324.0,2012
2030,p61,8,1369.0,2012
2030,p61,9,1751.0,2012
2030,p61,10,1345.0,2012
2030,p61,11,1222.0,2012
2030,p61,12,1526.0,2012
2030,p61,13,1484.0,2012
2030,p61,14,1372.0,2012
2030,p61,15,1295.0,2012
2030,p61,16,1333.0,2012
2030,p61,17,1453.0,2012
2030,p61,18,1295.0,2012
2030,p61,19,1368.0,2012
2030,p61,20,1224.0,2012
2030,p61,21,1339.0,2012
2030,p61,22,1099.0,2012
2030,p61,23,1381.0,2012
2030,p61,24,1208.0,2012
2030,p61,25,1392.0,2012
2030,p61,26,1283.0,2012
2030,p61,27,1415.0,2012
2030,p61,28,1568.0,2012
2030,p61,29,1699.0,2012
2030,p61,30,1558.0,2012
2030,p61,31,1424.0,2012
2030,p61,32,1438.0,2012
2030,p61,33,1390.0,2012
2030,p61,34,1465.0,2012
2030,p61,35,1275.0,2012
2030,p61,36,1369.0,2012
2030,p61,37,1303.0,2012
2030,p61,38,1248.0,2012
2030,p61,39,1078.0,2012
2030,p61,40,1402.0,2012
2030,p61,41,1103.0,2012
2030,p61,42,1198.0,2012
2030,p61,43,1086.0,2012
2030,p61,44,1325.0,2012
2030,p61,45,1137.0,2012
2030,p61,46,1510.0,2012
2030,p61,47,1174.0,2012
2030,p61,48,1393.0,2012
2030,p61,49,1264.0,2012
2030,p61,50,1450.0,2012
2030,p61,51,1218.0,2012
2030,p61,52,1337.0,2012
2030,p61,53,1335.0,2012
2030,p61,54,1197.0,2012
2030,p61,55,1349.0,2012
2030,p61,56,1095.0,2012
2030,p61,57,1519.0,2012
2030,p61,58,1114.0,2012
2030,p61,59,1509.0,2012
2030,p61,60,1106.0,2012
2030,p61,61,1661.0,2012
2030,p61,62,1225.0,2012
2030,p61,63,1584.0,2012
2030,p61,64,1179.0,2012
2030,p61,65,1487.0,2012
2030,p61,66,1256.0,2012
2030,p61,67,1623.0,2012
2030,p61,68,1342.0,2012
2030,p61,69,1540.0,2012
2030,p61,70,1337.0,2012
2030,p61,71,1315.0,2012
2030,p61,72,1386.0,2012
2030,p61,73,1218.0,2012
2030,p61,74,1256.0,2012
2030,p61,75,1099.0,2012
2030,p61,76,1543.0,2012
2030,p61,77,1232.0,2012
2030,p61,78,1771.0,2012
2030,p61,79,1154.0,2012
2030,p61,80,1792.0,2012
2030,p61,81,1244.0,2012
2030,p61,82,1912.0,2012
2030,p61,83,1223.0,2012
2030,p61,84,1713.0,2012
2030,p61,85,1332.0,2012
2030,p61,86,1600.0,2012
2030,p61,87,1346.0,2012
2030,p61,88,1386.0,2012
2030,p61,89,1435.0,2012
2030,p61,90,1295.0,2012
2030,p61,91,1557.0,2012
2030,p61,92,1342.0,2012
2030,p61,93,1649.0,2012
2030,p61,94,1287.0,2012
2030,p61,95,1920.0,2012
2030,p61,96,1347.0,2012
2030,p61,97,1887.0,2012
2030,p61,98,1260.0,2012
2030,p61,99,2150.0,2012
2030,p61,100,1338.0,2012
2030,p61,101,1887.0,2012
2030,p61,102,1268.0,2012
2030,p61,103,2013.0,2012
2030,p61,104,1527.0,2012
2030,p61,105,1677.0,2012
2030,p61,106,1429.0,2012
2030,p61,107,1758.0,2012
2030,p61,108,1741.0,2012
2030,p61,109,1617.0,2012
2030,p61,110,1878.0,2012
2030,p61,111,1455.0,2012
2030,p61,112,1964.0,2012
2030,p61,113,1355.0,2012
2030,p61,114,2026.0,2012
2030,p61,115,1332.0,2012
2030,p61,116,2155.0,2012
2030,p61,117,1444.0,2012
2030,p61,118,2364.0,2012
2030,p61,119,1500.0,2012
2030,p61,120,1897.0,2012
2030,p61,121,1481.0,2012
2030,p61,122,1985.0,2012
2030,p61,123,1571.0,2012
2030,p61,124,1957.0,2012
2030,p61,125,1467.0,2012
2030,p61,126,1700.0,2012
2030,p61,127,1692.0,2012
2030,p61,128,1595.0,2012
2030,p61,129,1825.0,2012
2030,p61,130,1335.0,2012
2030,p61,131,2022.0,2012
2030,p61,132,1442.0,2012
2030,p61,133,2269.0,2012
2030,p61,134,1429.0,2012
2030,p61,135,2172.0,2012
2030,p61,136,1487.0,2012
2030,p61,137,2224.0,2012
2030,p61,138,1382.0,2012
2030,p61,139,2190.0,2012
2030,p61,140,1565.0,2012
2030,p61,141,2225.0,2012
2030,p61,142,1661.0,2012
2030,p61,143,1989.0,2012
2030,p61,144,1858.0,2012
2030,p61,145,1926.0,2012
2030,p61,146,1996.0,2012
2030,p61,147,1595.0,2012
2030,p61,148,1947.0,2012
2030,p61,149,1570.0,2012
2030,p61,150,2131.0,2012
2030,p61,151,1496.0,2012
2030,p61,152,1858.0,2012
2030,p61,153,1294.0,2012
2030,p61,154,1884.0,2012
2030,p61,155,1349.0,2012
2030,p61,156,2015.0,2012
2030,p61,157,1334.0,2012
2030,p61,158,2062.0,2012
2030,p61,159,1504.0,2012
2030,p61,160,2049.0,2012
2030,p61,161,1602.0,2012
2030,p61,162,1890.0,2012
2030,p61,163,1836.0,2012
2030,p61,164,1749.0,2012
2030,p61,165,1972.0,2012
2030,p61,166,1313.0,2012
2030,p61,167,1806.0,2012
2030,p61,168,1361.0,2012
2030,p61,169,1790.0,2012
2030,p61,170,1138.0,2012
2030,p61,171,1491.0,2012
2030,p61,172,1173.0,2012
2030,p61,173,1792.0,2012
2030,p61,174,1207.0,2012
2030,p61,175,1830.0,2012
2030,p61,176,1379.0,2012
2030,p61,177,1890.0,2012
2030,p61,178,1467.0,2012
2030,p61,179,1620.0,2012
2030,p61,180,1234.0,2012
2030,p61,181,1385.0,2012
2030,p61,182,1386.0,2012
2030,p61,183,1428.0,2012
2030,p61,184,1403.0,2012
2030,p61,185,1114.0,2012
2030,p61,186,1425.0,2012
2030,p61,187,1187.0,2012
2030,p61,188,1764.0,2012
2030,p61,189,1189.0,2012
2030,p61,190,1597.0,2012
2030,p61,191,1127.0,2012
2030,p61,192,1522.0,2012
2030,p61,193,1094.0,2012
2030,p61,194,1690.0,2012
2030,p61,195,1382.0,2012
2030,p61,196,1721.0,2012
2030,p61,197,1324.0,2012
2030,p61,198,1256.0,2012
2030,p61,199,1437.0,2012
2030,p61,200,1267.0,2012
2030,p61,201,1404.0,2012
2030,p61,202,1297.0,2012
2030,p61,203,1308.0,2012
2030,p61,204,1139.0,2012
2030,p61,205,1389.0,2012
2030,p61,206,1125.0,2012
2030,p61,207,1416.0,2012
2030,p61,208,1106.0,2012
2030,p61,209,1335.0,2012
2030,p61,210,1269.0,2012
2030,p61,211,1315.0,2012
2030,p61,212,1194.0,2012
2030,p61,213,1382.0,2012
2030,p61,214,1213.0,2012
2030,p61,215,1251.0,2012
2030,p61,216,1227.0,2012
2030,p61,217,1317.0,2012
2030,p61,218,1415.0,2012
2030,p61,219,1399.0,2012
2030,p61,220,1351.0,2012
2030,p61,221,1226.0,2012
2030,p61,222,1449.0,2012
2030,p61,223,1155.0,2012
2030,p61,224,1370.0,2012
2030,p61,225,1125.0,2012
2030,p61,226,1344.0,2012
2030,p61,227,1535.0,2012
2030,p61,228,1373.0,2012
2030,p61,229,1226.0,2012
2030,p61,230,1356.0,2012
2030,p61,231,1231.0,2012
2030,p61,232,1483.0,2012
2030,p61,233,1422.0,2012
2030,p61,234,1505.0,2012
2030,p61,235,1192.0,2012
2030,p61,236,1392.0,2012
2030,p61,237,1914.0,2012
2030,p61,238,1532.0,2012
2030,p61,239,1720.0,2012
2030,p61,240,1432.0,2012
2030,p62,1,1070.0,2012
2030,p62,2,1314.0,2012
2030,p62,3,1262.0,2012
2030,p62,4,1256.0,2012
2030,p62,5,1023.0,2012
2030,p62,6,1217.0,2012
2030,p62,7,1235.0,2012
2030,p62,8,1276.0,2012
2030,p62,9,1632.0,2012
2030,p62,10,1254.0,2012
2030,p62,11,1139.0,2012
2030,p62,12,1423.0,2012
2030,p62,13,1383.0,2012
2030,p62,14,1280.0,2012
2030,p62,15,1208.0,2012
2030,p62,16,1243.0,2012
2030,p62,17,1354.0,2012
2030,p62,18,1207.0,2012
2030,p62,19,1275.0,2012
2030,p62,20,1141.0,2012
2030,p62,21,1248.0,2012
2030,p62,22,1024.0,2012
2030,p62,23,1288.0,2012
2030,p62,24,1126.0,2012
2030,p62,25,1298.0,2012
2030,p62,26,1196.0,2012
2030,p62,27,1320.0,2012
2030,p62,28,1462.0,2012
2030,p62,29,1584.0,2012
2030,p62,30,1452.0,2012
2030,p62,31,1327.0,2012
2030,p62,32,1340.0,2012
2030,p62,33,1296.0,2012
2030,p62,34,1366.0,2012
2030,p62,35,1188.0,2012
2030,p62,36,1277.0,2012
2030,p62,37,1214.0,2012
2030,p62,38,1163.0,2012
2030,p62,39,1005.0,2012
2030,p62,40,1307.0,2012
2030,p62,41,1028.0,2012
2030,p62,42,1117.0,2012
2030,p62,43,1013.0,2012
2030,p62,44,1235.0,2012
2030,p62,45,1060.0,2012
2030,p62,46,1408.0,2012
2030,p62,47,1094.0,2012
2030,p62,48,1298.0,2012
2030,p62,49,1178.0,2012
2030,p62,50,1353.0,2012
2030,p62,51,1136.0,2012
2030,p62,52,1246.0,2012
2030,p62,53,1244.0,2012
2030,p62,54,1116.0,2012
2030,p62,55,1258.0,2012
2030,p62,56,1020.0,2012
2030,p62,57,1416.0,2012
2030,p62,58,1039.0,2012
2030,p62,59,1406.0,2012
2030,p62,60,1032.0,2012
2030,p62,61,1548.0,2012
2030,p62,62,1142.0,2012
2030,p62,63,1476.0,2012
2030,p62,64,1099.0,2012
2030,p62,65,1385.0,2012
2030,p62,66,1170.0,2012
2030,p62,67,1514.0,2012
2030,p62,68,1251.0,2012
2030,p62,69,1436.0,2012
2030,p62,70,1246.0,2012
2030,p62,71,1226.0,2012
2030,p62,72,1292.0,2012
2030,p62,73,1136.0,2012
2030,p62,74,1171.0,2012
2030,p62,75,1024.0,2012
2030,p62,76,1439.0,2012
2030,p62,77,1149.0,2012
2030,p62,78,1651.0,2012
2030,p62,79,1075.0,2012
2030,p62,80,1671.0,2012
2030,p62,81,1161.0,2012
2030,p62,82,1783.0,2012
2030,p62,83,1140.0,2012
2030,p62,84,1597.0,2012
2030,p62,85,1242.0,2012
2030,p62,86,1492.0,2012
2030,p62,87,1255.0,2012
2030,p62,88,1291.0,2012
2030,p62,89,1337.0,2012
2030,p62,90,1207.0,2012
2030,p62,91,1451.0,2012
2030,p62,92,1251.0,2012
2030,p62,93,1538.0,2012
2030,p62,94,1200.0,2012
2030,p62,95,1789.0,2012
2030,p62,96,1256.0,2012
2030,p62,97,1759.0,2012
2030,p62,98,1175.0,2012
2030,p62,99,2003.0,2012
2030,p62,100,1248.0,2012
2030,p62,101,1759.0,2012
2030,p62,102,1182.0,2012
2030,p62,103,1876.0,2012
2030,p62,104,1424.0,2012
2030,p62,105,1563.0,2012
2030,p62,106,1332.0,2012
2030,p62,107,1639.0,2012
2030,p62,108,1623.0,2012
2030,p62,109,1508.0,2012
2030,p62,110,1751.0,2012
2030,p62,111,1357.0,2012
2030,p62,112,1831.0,2012
2030,p62,113,1264.0,2012
2030,p62,114,1889.0,2012
2030,p62,115,1242.0,2012
2030,p62,116,2009.0,2012
2030,p62,117,1345.0,2012
2030,p62,118,2204.0,2012
2030,p62,119,1398.0,2012
2030,p62,120,1769.0,2012
2030,p62,121,1381.0,2012
2030,p62,122,1851.0,2012
2030,p62,123,1465.0,2012
2030,p62,124,1825.0,2012
2030,p62,125,1368.0,2012
2030,p62,126,1585.0,2012
2030,p62,127,1578.0,2012
2030,p62,128,1487.0,2012
2030,p62,129,1701.0,2012
2030,p62,130,1245.0,2012
2030,p62,131,1885.0,2012
2030,p62,132,1345.0,2012
2030,p62,133,2116.0,2012
2030,p62,134,1332.0,2012
2030,p62,135,2025.0,2012
2030,p62,136,1385.0,2012
2030,p62,137,2073.0,2012
2030,p62,138,1289.0,2012
2030,p62,139,2042.0,2012
2030,p62,140,1459.0,2012
2030,p62,141,2074.0,2012
2030,p62,142,1548.0,2012
2030,p62,143,1854.0,2012
2030,p62,144,1731.0,2012
2030,p62,145,1796.0,2012
2030,p62,146,1860.0,2012
2030,p62,147,1487.0,2012
2030,p62,148,1814.0,2012
2030,p62,149,1464.0,2012
2030,p62,150,1987.0,2012
2030,p62,151,1394.0,2012
2030,p62,152,1732.0,2012
2030,p62,153,1206.0,2012
2030,p62,154,1756.0,2012
2030,p62,155,1258.0,2012
2030,p62,156,1878.0,2012
2030,p62,157,1243.0,2012
2030,p62,158,1923.0,2012
2030,p62,159,1402.0,2012
2030,p62,160,1911.0,2012
2030,p62,161,1494.0,2012
2030,p62,162,1762.0,2012
2030,p62,163,1712.0,2012
2030,p62,164,1631.0,2012
2030,p62,165,1838.0,2012
2030,p62,166,1225.0,2012
2030,p62,167,1683.0,2012
2030,p62,168,1269.0,2012
2030,p62,169,1669.0,2012
2030,p62,170,1061.0,2012
2030,p62,171,1390.0,2012
2030,p62,172,1094.0,2012
2030,p62,173,1670.0,2012
2030,p62,174,1125.0,2012
2030,p62,175,1707.0,2012
2030,p62,176,1285.0,2012
2030,p62,177,1762.0,2012
2030,p62,178,1368.0,2012
2030,p62,179,1510.0,2012
2030,p62,180,1150.0,2012
2030,p62,181,1291.0,2012
2030,p62,182,1292.0,2012
2030,p62,183,1330.0,2012
2030,p62,184,1309.0,2012
2030,p62,185,1039.0,2012
2030,p62,186,1329.0,2012
2030,p62,187,1106.0,2012
2030,p62,188,1644.0,2012
2030,p62,189,1108.0,2012
2030,p62,190,1489.0,2012
2030,p62,191,1050.0,2012
2030,p62,192,1419.0,2012
2030,p62,193,1020.0,2012
2030,p62,194,1576.0,2012
2030,p62,195,1289.0,2012
2030,p62,196,1604.0,2012
2030,p62,197,1235.0,2012
2030,p62,198,1171.0,2012
2030,p62,199,1340.0,2012
2030,p62,200,1181.0,2012
2030,p62,201,1309.0,2012
2030,p62,202,1209.0,2012
2030,p62,203,1219.0,2012
2030,p62,204,1062.0,2012
2030,p62,205,1295.0,2012
2030,p62,206,1048.0,2012
2030,p62,207,1320.0,2012
2030,p62,208,1031.0,2012
2030,p62,209,1245.0,2012
2030,p62,210,1183.0,2012
2030,p62,211,1226.0,2012
2030,p62,212,1112.0,2012
2030,p62,213,1288.0,2012
2030,p62,214,1130.0,2012
2030,p62,215,1167.0,2012
2030,p62,216,1145.0,2012
2030,p62,217,1227.0,2012
2030,p62,218,1320.0,2012
2030,p62,219,1305.0,2012
2030,p62,220,1259.0,2012
2030,p62,221,1143.0,2012
2030,p62,222,1350.0,2012
2030,p62,223,1077.0,2012
2030,p62,224,1277.0,2012
2030,p62,225,1049.0,2012
2030,p62,226,1253.0,2012
2030,p62,227,1431.0,2012
2030,p62,228,1280.0,2012
2030,p62,229,1143.0,2012
2030,p62,230,1265.0,2012
2030,p62,231,1148.0,2012
2030,p62,232,1382.0,2012
2030,p62,233,1326.0,2012
2030,p62,234,1403.0,2012
2030,p62,235,1112.0,2012
2030,p62,236,1297.0,2012
2030,p62,237,1784.0,2012
2030,p62,238,1428.0,2012
2030,p62,239,1602.0,2012
2030,p62,240,1335.0,2012
2030,p63,1,18040.0,2012
2030,p63,2,22157.0,2012
2030,p63,3,21293.0,2012
2030,p63,4,21183.0,2012
2030,p63,5,17264.0,2012
2030,p63,6,20531.0,2012
2030,p63,7,20823.0,2012
2030,p63,8,21530.0,2012
2030,p63,9,27536.0,2012
2030,p63,10,21149.0,2012
2030,p63,11,19217.0,2012
2030,p63,12,23999.0,2012
2030,p63,13,23332.0,2012
2030,p63,14,21587.0,2012
2030,p63,15,20372.0,2012
2030,p63,16,20957.0,2012
2030,p63,17,22841.0,2012
2030,p63,18,20364.0,2012
2030,p63,19,21508.0,2012
2030,p63,20,19256.0,2012
2030,p63,21,21058.0,2012
2030,p63,22,17273.0,2012
2030,p63,23,21723.0,2012
2030,p63,24,19002.0,2012
2030,p63,25,21891.0,2012
2030,p63,26,20170.0,2012
2030,p63,27,22262.0,2012
2030,p63,28,24661.0,2012
2030,p63,29,26719.0,2012
2030,p63,30,24497.0,2012
2030,p63,31,22394.0,2012
2030,p63,32,22611.0,2012
2030,p63,33,21865.0,2012
2030,p63,34,23037.0,2012
2030,p63,35,20048.0,2012
2030,p63,36,21532.0,2012
2030,p63,37,20493.0,2012
2030,p63,38,19622.0,2012
2030,p63,39,16948.0,2012
2030,p63,40,22043.0,2012
2030,p63,41,17348.0,2012
2030,p63,42,18840.0,2012
2030,p63,43,17088.0,2012
2030,p63,44,20831.0,2012
2030,p63,45,17873.0,2012
2030,p63,46,23746.0,2012
2030,p63,47,18460.0,2012
2030,p63,48,21907.0,2012
2030,p63,49,19876.0,2012
2030,p63,50,22816.0,2012
2030,p63,51,19159.0,2012
2030,p63,52,21029.0,2012
2030,p63,53,20986.0,2012
2030,p63,54,18830.0,2012
2030,p63,55,21213.0,2012
2030,p63,56,17218.0,2012
2030,p63,57,23890.0,2012
2030,p63,58,17520.0,2012
2030,p63,59,23724.0,2012
2030,p63,60,17404.0,2012
2030,p63,61,26117.0,2012
2030,p63,62,19271.0,2012
2030,p63,63,24904.0,2012
2030,p63,64,18537.0,2012
2030,p63,65,23374.0,2012
2030,p63,66,19742.0,2012
2030,p63,67,25537.0,2012
2030,p63,68,21093.0,2012
2030,p63,69,24216.0,2012
2030,p63,70,21021.0,2012
2030,p63,71,20682.0,2012
2030,p63,72,21796.0,2012
2030,p63,73,19160.0,2012
2030,p63,74,19753.0,2012
2030,p63,75,17273.0,2012
2030,p63,76,24267.0,2012
2030,p63,77,19381.0,2012
2030,p63,78,27845.0,2012
2030,p63,79,18137.0,2012
2030,p63,80,28191.0,2012
2030,p63,81,19579.0,2012
2030,p63,82,30070.0,2012
2030,p63,83,19228.0,2012
2030,p63,84,26941.0,2012
2030,p63,85,20945.0,2012
2030,p63,86,25160.0,2012
2030,p63,87,21164.0,2012
2030,p63,88,21787.0,2012
2030,p63,89,22559.0,2012
2030,p63,90,20365.0,2012
2030,p63,91,24473.0,2012
2030,p63,92,21104.0,2012
2030,p63,93,25940.0,2012
2030,p63,94,20245.0,2012
2030,p63,95,30185.0,2012
2030,p63,96,21187.0,2012
2030,p63,97,29682.0,2012
2030,p63,98,19815.0,2012
2030,p63,99,33800.0,2012
2030,p63,100,21053.0,2012
2030,p63,101,29680.0,2012
2030,p63,102,19938.0,2012
2030,p63,103,31649.0,2012
2030,p63,104,24013.0,2012
2030,p63,105,26368.0,2012
2030,p63,106,22465.0,2012
2030,p63,107,27640.0,2012
2030,p63,108,27382.0,2012
2030,p63,109,25426.0,2012
2030,p63,110,29540.0,2012
2030,p63,111,22888.0,2012
2030,p63,112,30892.0,2012
2030,p63,113,21316.0,2012
2030,p63,114,31871.0,2012
2030,p63,115,20948.0,2012
2030,p63,116,33893.0,2012
2030,p63,117,22698.0,2012
2030,p63,118,37178.0,2012
2030,p63,119,23587.0,2012
2030,p63,120,29836.0,2012
2030,p63,121,23295.0,2012
2030,p63,122,31222.0,2012
2030,p63,123,24714.0,2012
2030,p63,124,30776.0,2012
2030,p63,125,23067.0,2012
2030,p63,126,26736.0,2012
2030,p63,127,26620.0,2012
2030,p63,128,25090.0,2012
2030,p63,129,28690.0,2012
2030,p63,130,20998.0,2012
2030,p63,131,31799.0,2012
2030,p63,132,22683.0,2012
2030,p63,133,35693.0,2012
2030,p63,134,22476.0,2012
2030,p63,135,34162.0,2012
2030,p63,136,23371.0,2012
2030,p63,137,34979.0,2012
2030,p63,138,21746.0,2012
2030,p63,139,34439.0,2012
2030,p63,140,24608.0,2012
2030,p63,141,34990.0,2012
2030,p63,142,26115.0,2012
2030,p63,143,31283.0,2012
2030,p63,144,29206.0,2012
2030,p63,145,30285.0,2012
2030,p63,146,31374.0,2012
2030,p63,147,25081.0,2012
2030,p63,148,30611.0,2012
2030,p63,149,24698.0,2012
2030,p63,150,33517.0,2012
2030,p63,151,23513.0,2012
2030,p63,152,29212.0,2012
2030,p63,153,20349.0,2012
2030,p63,154,29616.0,2012
2030,p63,155,21214.0,2012
2030,p63,156,31679.0,2012
2030,p63,157,20980.0,2012
2030,p63,158,32438.0,2012
2030,p63,159,23652.0,2012
2030,p63,160,32226.0,2012
2030,p63,161,25198.0,2012
2030,p63,162,29734.0,2012
2030,p63,163,28873.0,2012
2030,p63,164,27505.0,2012
2030,p63,165,31012.0,2012
2030,p63,166,20659.0,2012
2030,p63,167,28397.0,2012
2030,p63,168,21410.0,2012
2030,p63,169,28149.0,2012
2030,p63,170,17902.0,2012
2030,p63,171,23450.0,2012
2030,p63,172,18454.0,2012
2030,p63,173,28183.0,2012
2030,p63,174,18985.0,2012
2030,p63,175,28789.0,2012
2030,p63,176,21685.0,2012
2030,p63,177,29729.0,2012
2030,p63,178,23073.0,2012
2030,p63,179,25470.0,2012
2030,p63,180,19404.0,2012
2030,p63,181,21786.0,2012
2030,p63,182,21795.0,2012
2030,p63,183,22445.0,2012
2030,p63,184,22067.0,2012
2030,p63,185,17522.0,2012
2030,p63,186,22419.0,2012
2030,p63,187,18657.0,2012
2030,p63,188,27738.0,2012
2030,p63,189,18694.0,2012
2030,p63,190,25124.0,2012
2030,p63,191,17715.0,2012
2030,p63,192,23924.0,2012
2030,p63,193,17201.0,2012
2030,p63,194,26583.0,2012
2030,p63,195,21740.0,2012
2030,p63,196,27056.0,2012
2030,p63,197,20822.0,2012
2030,p63,198,19757.0,2012
2030,p63,199,22603.0,2012
2030,p63,200,19925.0,2012
2030,p63,201,22074.0,2012
2030,p63,202,20397.0,2012
2030,p63,203,20574.0,2012
2030,p63,204,17918.0,2012
2030,p63,205,21842.0,2012
2030,p63,206,17680.0,2012
2030,p63,207,22269.0,2012
2030,p63,208,17396.0,2012
2030,p63,209,20996.0,2012
2030,p63,210,19956.0,2012
2030,p63,211,20677.0,2012
2030,p63,212,18765.0,2012
2030,p63,213,21735.0,2012
2030,p63,214,19073.0,2012
2030,p63,215,19684.0,2012
2030,p63,216,19309.0,2012
2030,p63,217,20703.0,2012
2030,p63,218,22264.0,2012
2030,p63,219,22013.0,2012
2030,p63,220,21238.0,2012
2030,p63,221,19281.0,2012
2030,p63,222,22785.0,2012
2030,p63,223,18170.0,2012
2030,p63,224,21550.0,2012
2030,p63,225,17689.0,2012
2030,p63,226,21139.0,2012
2030,p63,227,24136.0,2012
2030,p63,228,21600.0,2012
2030,p63,229,19289.0,2012
2030,p63,230,21339.0,2012
2030,p63,231,19364.0,2012
2030,p63,232,23317.0,2012
2030,p63,233,22369.0,2012
2030,p63,234,23665.0,2012
2030,p63,235,18758.0,2012
2030,p63,236,21880.0,2012
2030,p63,237,30098.0,2012
2030,p63,238,24088.0,2012
2030,p63,239,27034.0,2012
2030,p63,240,22525.0,2012
2030,p64,1,5319.0,2012
2030,p64,2,6533.0,2012
2030,p64,3,6278.0,2012
2030,p64,4,6247.0,2012
2030,p64,5,5090.0,2012
2030,p64,6,6054.0,2012
2030,p64,7,6140.0,2012
2030,p64,8,6348.0,2012
2030,p64,9,8120.0,2012
2030,p64,10,6236.0,2012
2030,p64,11,5667.0,2012
2030,p64,12,7077.0,2012
2030,p64,13,6880.0,2012
2030,p64,14,6365.0,2012
2030,p64,15,6006.0,2012
2030,p64,16,6180.0,2012
2030,p64,17,6735.0,2012
2030,p64,18,6004.0,2012
2030,p64,19,6342.0,2012
2030,p64,20,5678.0,2012
2030,p64,21,6209.0,2012
2030,p64,22,5094.0,2012
2030,p64,23,6405.0,2012
2030,p64,24,5603.0,2012
2030,p64,25,6455.0,2012
2030,p64,26,5948.0,2012
2030,p64,27,6565.0,2012
2030,p64,28,7271.0,2012
2030,p64,29,7878.0,2012
2030,p64,30,7224.0,2012
2030,p64,31,6603.0,2012
2030,p64,32,6668.0,2012
2030,p64,33,6447.0,2012
2030,p64,34,6792.0,2012
2030,p64,35,5911.0,2012
2030,p64,36,6348.0,2012
2030,p64,37,6043.0,2012
2030,p64,38,5786.0,2012
2030,p64,39,4997.0,2012
2030,p64,40,6500.0,2012
2030,p64,41,5115.0,2012
2030,p64,42,5556.0,2012
2030,p64,43,5038.0,2012
2030,p64,44,6142.0,2012
2030,p64,45,5270.0,2012
2030,p64,46,7002.0,2012
2030,p64,47,5444.0,2012
2030,p64,48,6459.0,2012
2030,p64,49,5861.0,2012
2030,p64,50,6728.0,2012
2030,p64,51,5650.0,2012
2030,p64,52,6201.0,2012
2030,p64,53,6188.0,2012
2030,p64,54,5552.0,2012
2030,p64,55,6256.0,2012
2030,p64,56,5077.0,2012
2030,p64,57,7045.0,2012
2030,p64,58,5166.0,2012
2030,p64,59,6995.0,2012
2030,p64,60,5132.0,2012
2030,p64,61,7701.0,2012
2030,p64,62,5683.0,2012
2030,p64,63,7343.0,2012
2030,p64,64,5466.0,2012
2030,p64,65,6892.0,2012
2030,p64,66,5821.0,2012
2030,p64,67,7531.0,2012
2030,p64,68,6219.0,2012
2030,p64,69,7141.0,2012
2030,p64,70,6198.0,2012
2030,p64,71,6098.0,2012
2030,p64,72,6428.0,2012
2030,p64,73,5650.0,2012
2030,p64,74,5824.0,2012
2030,p64,75,5094.0,2012
2030,p64,76,7156.0,2012
2030,p64,77,5714.0,2012
2030,p64,78,8210.0,2012
2030,p64,79,5348.0,2012
2030,p64,80,8312.0,2012
2030,p64,81,5773.0,2012
2030,p64,82,8867.0,2012
2030,p64,83,5670.0,2012
2030,p64,84,7944.0,2012
2030,p64,85,6176.0,2012
2030,p64,86,7419.0,2012
2030,p64,87,6241.0,2012
2030,p64,88,6424.0,2012
2030,p64,89,6652.0,2012
2030,p64,90,6005.0,2012
2030,p64,91,7216.0,2012
2030,p64,92,6223.0,2012
2030,p64,93,7648.0,2012
2030,p64,94,5969.0,2012
2030,p64,95,8901.0,2012
2030,p64,96,6248.0,2012
2030,p64,97,8753.0,2012
2030,p64,98,5843.0,2012
2030,p64,99,9967.0,2012
2030,p64,100,6208.0,2012
2030,p64,101,8751.0,2012
2030,p64,102,5880.0,2012
2030,p64,103,9332.0,2012
2030,p64,104,7080.0,2012
2030,p64,105,7775.0,2012
2030,p64,106,6625.0,2012
2030,p64,107,8150.0,2012
2030,p64,108,8074.0,2012
2030,p64,109,7498.0,2012
2030,p64,110,8711.0,2012
2030,p64,111,6749.0,2012
2030,p64,112,9109.0,2012
2030,p64,113,6285.0,2012
2030,p64,114,9398.0,2012
2030,p64,115,6176.0,2012
2030,p64,116,9994.0,2012
2030,p64,117,6693.0,2012
2030,p64,118,10962.0,2012
2030,p64,119,6955.0,2012
2030,p64,120,8798.0,2012
2030,p64,121,6869.0,2012
2030,p64,122,9207.0,2012
2030,p64,123,7287.0,2012
2030,p64,124,9075.0,2012
2030,p64,125,6801.0,2012
2030,p64,126,7884.0,2012
2030,p64,127,7849.0,2012
2030,p64,128,7398.0,2012
2030,p64,129,8459.0,2012
2030,p64,130,6192.0,2012
2030,p64,131,9377.0,2012
2030,p64,132,6688.0,2012
2030,p64,133,10525.0,2012
2030,p64,134,6627.0,2012
2030,p64,135,10073.0,2012
2030,p64,136,6891.0,2012
2030,p64,137,10314.0,2012
2030,p64,138,6412.0,2012
2030,p64,139,10155.0,2012
2030,p64,140,7256.0,2012
2030,p64,141,10318.0,2012
2030,p64,142,7701.0,2012
2030,p64,143,9224.0,2012
2030,p64,144,8612.0,2012
2030,p64,145,8930.0,2012
2030,p64,146,9251.0,2012
2030,p64,147,7396.0,2012
2030,p64,148,9027.0,2012
2030,p64,149,7283.0,2012
2030,p64,150,9883.0,2012
2030,p64,151,6933.0,2012
2030,p64,152,8613.0,2012
2030,p64,153,6000.0,2012
2030,p64,154,8733.0,2012
2030,p64,155,6256.0,2012
2030,p64,156,9341.0,2012
2030,p64,157,6186.0,2012
2030,p64,158,9565.0,2012
2030,p64,159,6974.0,2012
2030,p64,160,9502.0,2012
2030,p64,161,7430.0,2012
2030,p64,162,8767.0,2012
2030,p64,163,8514.0,2012
2030,p64,164,8110.0,2012
2030,p64,165,9144.0,2012
2030,p64,166,6091.0,2012
2030,p64,167,8373.0,2012
2030,p64,168,6313.0,2012
2030,p64,169,8301.0,2012
2030,p64,170,5279.0,2012
2030,p64,171,6915.0,2012
2030,p64,172,5441.0,2012
2030,p64,173,8310.0,2012
2030,p64,174,5599.0,2012
2030,p64,175,8489.0,2012
2030,p64,176,6394.0,2012
2030,p64,177,8766.0,2012
2030,p64,178,6804.0,2012
2030,p64,179,7510.0,2012
2030,p64,180,5721.0,2012
2030,p64,181,6424.0,2012
2030,p64,182,6427.0,2012
2030,p64,183,6618.0,2012
2030,p64,184,6507.0,2012
2030,p64,185,5166.0,2012
2030,p64,186,6611.0,2012
2030,p64,187,5501.0,2012
2030,p64,188,8180.0,2012
2030,p64,189,5513.0,2012
2030,p64,190,7408.0,2012
2030,p64,191,5224.0,2012
2030,p64,192,7054.0,2012
2030,p64,193,5072.0,2012
2030,p64,194,7839.0,2012
2030,p64,195,6411.0,2012
2030,p64,196,7978.0,2012
2030,p64,197,6140.0,2012
2030,p64,198,5825.0,2012
2030,p64,199,6664.0,2012
2030,p64,200,5875.0,2012
2030,p64,201,6509.0,2012
2030,p64,202,6014.0,2012
2030,p64,203,6066.0,2012
2030,p64,204,5284.0,2012
2030,p64,205,6440.0,2012
2030,p64,206,5214.0,2012
2030,p64,207,6566.0,2012
2030,p64,208,5130.0,2012
2030,p64,209,6191.0,2012
2030,p64,210,5884.0,2012
2030,p64,211,6097.0,2012
2030,p64,212,5533.0,2012
2030,p64,213,6410.0,2012
2030,p64,214,5624.0,2012
2030,p64,215,5804.0,2012
2030,p64,216,5694.0,2012
2030,p64,217,6105.0,2012
2030,p64,218,6565.0,2012
2030,p64,219,6491.0,2012
2030,p64,220,6262.0,2012
2030,p64,221,5685.0,2012
2030,p64,222,6719.0,2012
2030,p64,223,5358.0,2012
2030,p64,224,6354.0,2012
2030,p64,225,5216.0,2012
2030,p64,226,6233.0,2012
2030,p64,227,7116.0,2012
2030,p64,228,6369.0,2012
2030,p64,229,5688.0,2012
2030,p64,230,6292.0,2012
2030,p64,231,5710.0,2012
2030,p64,232,6875.0,2012
2030,p64,233,6595.0,2012
2030,p64,234,6978.0,2012
2030,p64,235,5531.0,2012
2030,p64,236,6451.0,2012
2030,p64,237,8875.0,2012
2030,p64,238,7103.0,2012
2030,p64,239,7971.0,2012
2030,p64,240,6642.0,2012
2030,p65,1,7972.0,2012
2030,p65,2,9792.0,2012
2030,p65,3,9411.0,2012
2030,p65,4,9363.0,2012
2030,p65,5,7630.0,2012
2030,p65,6,9074.0,2012
2030,p65,7,9203.0,2012
2030,p65,8,9515.0,2012
2030,p65,9,12170.0,2012
2030,p65,10,9347.0,2012
2030,p65,11,8493.0,2012
2030,p65,12,10607.0,2012
2030,p65,13,10313.0,2012
2030,p65,14,9541.0,2012
2030,p65,15,9003.0,2012
2030,p65,16,9262.0,2012
2030,p65,17,10095.0,2012
2030,p65,18,9000.0,2012
2030,p65,19,9507.0,2012
2030,p65,20,8511.0,2012
2030,p65,21,9307.0,2012
2030,p65,22,7634.0,2012
2030,p65,23,9600.0,2012
2030,p65,24,8398.0,2012
2030,p65,25,9676.0,2012
2030,p65,26,8915.0,2012
2030,p65,27,9840.0,2012
2030,p65,28,10900.0,2012
2030,p65,29,11809.0,2012
2030,p65,30,10827.0,2012
2030,p65,31,9898.0,2012
2030,p65,32,9994.0,2012
2030,p65,33,9665.0,2012
2030,p65,34,10181.0,2012
2030,p65,35,8861.0,2012
2030,p65,36,9516.0,2012
2030,p65,37,9057.0,2012
2030,p65,38,8673.0,2012
2030,p65,39,7490.0,2012
2030,p65,40,9742.0,2012
2030,p65,41,7667.0,2012
2030,p65,42,8326.0,2012
2030,p65,43,7552.0,2012
2030,p65,44,9208.0,2012
2030,p65,45,7899.0,2012
2030,p65,46,10495.0,2012
2030,p65,47,8158.0,2012
2030,p65,48,9682.0,2012
2030,p65,49,8784.0,2012
2030,p65,50,10084.0,2012
2030,p65,51,8467.0,2012
2030,p65,52,9295.0,2012
2030,p65,53,9276.0,2012
2030,p65,54,8323.0,2012
2030,p65,55,9375.0,2012
2030,p65,56,7610.0,2012
2030,p65,57,10559.0,2012
2030,p65,58,7743.0,2012
2030,p65,59,10485.0,2012
2030,p65,60,7693.0,2012
2030,p65,61,11543.0,2012
2030,p65,62,8517.0,2012
2030,p65,63,11007.0,2012
2030,p65,64,8192.0,2012
2030,p65,65,10331.0,2012
2030,p65,66,8725.0,2012
2030,p65,67,11286.0,2012
2030,p65,68,9323.0,2012
2030,p65,69,10703.0,2012
2030,p65,70,9290.0,2012
2030,p65,71,9141.0,2012
2030,p65,72,9633.0,2012
2030,p65,73,8468.0,2012
2030,p65,74,8730.0,2012
2030,p65,75,7634.0,2012
2030,p65,76,10726.0,2012
2030,p65,77,8566.0,2012
2030,p65,78,12306.0,2012
2030,p65,79,8016.0,2012
2030,p65,80,12459.0,2012
2030,p65,81,8653.0,2012
2030,p65,82,13290.0,2012
2030,p65,83,8499.0,2012
2030,p65,84,11908.0,2012
2030,p65,85,9256.0,2012
2030,p65,86,11120.0,2012
2030,p65,87,9353.0,2012
2030,p65,88,9629.0,2012
2030,p65,89,9970.0,2012
2030,p65,90,9001.0,2012
2030,p65,91,10816.0,2012
2030,p65,92,9327.0,2012
2030,p65,93,11465.0,2012
2030,p65,94,8947.0,2012
2030,p65,95,13341.0,2012
2030,p65,96,9364.0,2012
2030,p65,97,13118.0,2012
2030,p65,98,8758.0,2012
2030,p65,99,14938.0,2012
2030,p65,100,9305.0,2012
2030,p65,101,13117.0,2012
2030,p65,102,8812.0,2012
2030,p65,103,13988.0,2012
2030,p65,104,10613.0,2012
2030,p65,105,11653.0,2012
2030,p65,106,9928.0,2012
2030,p65,107,12216.0,2012
2030,p65,108,12102.0,2012
2030,p65,109,11238.0,2012
2030,p65,110,13056.0,2012
2030,p65,111,10116.0,2012
2030,p65,112,13653.0,2012
2030,p65,113,9421.0,2012
2030,p65,114,14086.0,2012
2030,p65,115,9259.0,2012
2030,p65,116,14980.0,2012
2030,p65,117,10032.0,2012
2030,p65,118,16431.0,2012
2030,p65,119,10424.0,2012
2030,p65,120,13186.0,2012
2030,p65,121,10296.0,2012
2030,p65,122,13799.0,2012
2030,p65,123,10923.0,2012
2030,p65,124,13602.0,2012
2030,p65,125,10195.0,2012
2030,p65,126,11816.0,2012
2030,p65,127,11765.0,2012
2030,p65,128,11088.0,2012
2030,p65,129,12680.0,2012
2030,p65,130,9280.0,2012
2030,p65,131,14054.0,2012
2030,p65,132,10026.0,2012
2030,p65,133,15775.0,2012
2030,p65,134,9933.0,2012
2030,p65,135,15099.0,2012
2030,p65,136,10330.0,2012
2030,p65,137,15460.0,2012
2030,p65,138,9611.0,2012
2030,p65,139,15220.0,2012
2030,p65,140,10875.0,2012
2030,p65,141,15465.0,2012
2030,p65,142,11542.0,2012
2030,p65,143,13826.0,2012
2030,p65,144,12908.0,2012
2030,p65,145,13386.0,2012
2030,p65,146,13866.0,2012
2030,p65,147,11086.0,2012
2030,p65,148,13529.0,2012
2030,p65,149,10916.0,2012
2030,p65,150,14813.0,2012
2030,p65,151,10392.0,2012
2030,p65,152,12910.0,2012
2030,p65,153,8994.0,2012
2030,p65,154,13089.0,2012
2030,p65,155,9377.0,2012
2030,p65,156,14002.0,2012
2030,p65,157,9273.0,2012
2030,p65,158,14336.0,2012
2030,p65,159,10454.0,2012
2030,p65,160,14243.0,2012
2030,p65,161,11137.0,2012
2030,p65,162,13141.0,2012
2030,p65,163,12761.0,2012
2030,p65,164,12157.0,2012
2030,p65,165,13706.0,2012
2030,p65,166,9131.0,2012
2030,p65,167,12551.0,2012
2030,p65,168,9463.0,2012
2030,p65,169,12441.0,2012
2030,p65,170,7913.0,2012
2030,p65,171,10364.0,2012
2030,p65,172,8156.0,2012
2030,p65,173,12456.0,2012
2030,p65,174,8391.0,2012
2030,p65,175,12723.0,2012
2030,p65,176,9584.0,2012
2030,p65,177,13139.0,2012
2030,p65,178,10198.0,2012
2030,p65,179,11257.0,2012
2030,p65,180,8575.0,2012
2030,p65,181,9628.0,2012
2030,p65,182,9633.0,2012
2030,p65,183,9920.0,2012
2030,p65,184,9753.0,2012
2030,p65,185,7744.0,2012
2030,p65,186,9909.0,2012
2030,p65,187,8246.0,2012
2030,p65,188,12260.0,2012
2030,p65,189,8262.0,2012
2030,p65,190,11104.0,2012
2030,p65,191,7830.0,2012
2030,p65,192,10574.0,2012
2030,p65,193,7603.0,2012
2030,p65,194,11748.0,2012
2030,p65,195,9609.0,2012
2030,p65,196,11957.0,2012
2030,p65,197,9203.0,2012
2030,p65,198,8732.0,2012
2030,p65,199,9990.0,2012
2030,p65,200,8806.0,2012
2030,p65,201,9756.0,2012
2030,p65,202,9015.0,2012
2030,p65,203,9093.0,2012
2030,p65,204,7919.0,2012
2030,p65,205,9654.0,2012
2030,p65,206,7814.0,2012
2030,p65,207,9842.0,2012
2030,p65,208,7689.0,2012
2030,p65,209,9280.0,2012
2030,p65,210,8820.0,2012
2030,p65,211,9138.0,2012
2030,p65,212,8293.0,2012
2030,p65,213,9606.0,2012
2030,p65,214,8430.0,2012
2030,p65,215,8699.0,2012
2030,p65,216,8534.0,2012
2030,p65,217,9150.0,2012
2030,p65,218,9840.0,2012
2030,p65,219,9729.0,2012
2030,p65,220,9386.0,2012
2030,p65,221,8522.0,2012
2030,p65,222,10071.0,2012
2030,p65,223,8031.0,2012
2030,p65,224,9525.0,2012
2030,p65,225,7818.0,2012
2030,p65,226,9342.0,2012
2030,p65,227,10668.0,2012
2030,p65,228,9547.0,2012
2030,p65,229,8526.0,2012
2030,p65,230,9431.0,2012
2030,p65,231,8558.0,2012
2030,p65,232,10305.0,2012
2030,p65,233,9886.0,2012
2030,p65,234,10460.0,2012
2030,p65,235,8291.0,2012
2030,p65,236,9669.0,2012
2030,p65,237,13302.0,2012
2030,p65,238,10646.0,2012
2030,p65,239,11949.0,2012
2030,p65,240,9955.0,2012
2030,p67,1,11590.0,2012
2030,p67,2,14235.0,2012
2030,p67,3,13679.0,2012
2030,p67,4,13609.0,2012
2030,p67,5,11091.0,2012
2030,p67,6,13190.0,2012
2030,p67,7,13378.0,2012
2030,p67,8,13831.0,2012
2030,p67,9,17691.0,2012
2030,p67,10,13588.0,2012
2030,p67,11,12346.0,2012
2030,p67,12,15418.0,2012
2030,p67,13,14990.0,2012
2030,p67,14,13869.0,2012
2030,p67,15,13089.0,2012
2030,p67,16,13464.0,2012
2030,p67,17,14674.0,2012
2030,p67,18,13082.0,2012
2030,p67,19,13818.0,2012
2030,p67,20,12371.0,2012
2030,p67,21,13528.0,2012
2030,p67,22,11097.0,2012
2030,p67,23,13956.0,2012
2030,p67,24,12207.0,2012
2030,p67,25,14064.0,2012
2030,p67,26,12958.0,2012
2030,p67,27,14303.0,2012
2030,p67,28,15843.0,2012
2030,p67,29,17165.0,2012
2030,p67,30,15738.0,2012
2030,p67,31,14387.0,2012
2030,p67,32,14527.0,2012
2030,p67,33,14048.0,2012
2030,p67,34,14801.0,2012
2030,p67,35,12880.0,2012
2030,p67,36,13833.0,2012
2030,p67,37,13165.0,2012
2030,p67,38,12606.0,2012
2030,p67,39,10887.0,2012
2030,p67,40,14162.0,2012
2030,p67,41,11145.0,2012
2030,p67,42,12104.0,2012
2030,p67,43,10978.0,2012
2030,p67,44,13383.0,2012
2030,p67,45,11482.0,2012
2030,p67,46,15256.0,2012
2030,p67,47,11860.0,2012
2030,p67,48,14074.0,2012
2030,p67,49,12769.0,2012
2030,p67,50,14659.0,2012
2030,p67,51,12309.0,2012
2030,p67,52,13511.0,2012
2030,p67,53,13483.0,2012
2030,p67,54,12098.0,2012
2030,p67,55,13629.0,2012
2030,p67,56,11062.0,2012
2030,p67,57,15349.0,2012
2030,p67,58,11256.0,2012
2030,p67,59,15242.0,2012
2030,p67,60,11182.0,2012
2030,p67,61,16778.0,2012
2030,p67,62,12381.0,2012
2030,p67,63,16000.0,2012
2030,p67,64,11909.0,2012
2030,p67,65,15017.0,2012
2030,p67,66,12682.0,2012
2030,p67,67,16407.0,2012
2030,p67,68,13551.0,2012
2030,p67,69,15557.0,2012
2030,p67,70,13505.0,2012
2030,p67,71,13287.0,2012
2030,p67,72,14004.0,2012
2030,p67,73,12309.0,2012
2030,p67,74,12690.0,2012
2030,p67,75,11097.0,2012
2030,p67,76,15590.0,2012
2030,p67,77,12451.0,2012
2030,p67,78,17889.0,2012
2030,p67,79,11653.0,2012
2030,p67,80,18110.0,2012
2030,p67,81,12578.0,2012
2030,p67,82,19318.0,2012
2030,p67,83,12353.0,2012
2030,p67,84,17308.0,2012
2030,p67,85,13456.0,2012
2030,p67,86,16163.0,2012
2030,p67,87,13596.0,2012
2030,p67,88,13996.0,2012
2030,p67,89,14493.0,2012
2030,p67,90,13083.0,2012
2030,p67,91,15723.0,2012
2030,p67,92,13559.0,2012
2030,p67,93,16665.0,2012
2030,p67,94,13007.0,2012
2030,p67,95,19393.0,2012
2030,p67,96,13611.0,2012
2030,p67,97,19070.0,2012
2030,p67,98,12730.0,2012
2030,p67,99,21714.0,2012
2030,p67,100,13526.0,2012
2030,p67,101,19068.0,2012
2030,p67,102,12809.0,2012
2030,p67,103,20333.0,2012
2030,p67,104,15427.0,2012
2030,p67,105,16940.0,2012
2030,p67,106,14432.0,2012
2030,p67,107,17757.0,2012
2030,p67,108,17591.0,2012
2030,p67,109,16335.0,2012
2030,p67,110,18979.0,2012
2030,p67,111,14705.0,2012
2030,p67,112,19846.0,2012
2030,p67,113,13694.0,2012
2030,p67,114,20475.0,2012
2030,p67,115,13458.0,2012
2030,p67,116,21775.0,2012
2030,p67,117,14582.0,2012
2030,p67,118,23885.0,2012
2030,p67,119,15154.0,2012
2030,p67,120,19169.0,2012
2030,p67,121,14967.0,2012
2030,p67,122,20058.0,2012
2030,p67,123,15878.0,2012
2030,p67,124,19772.0,2012
2030,p67,125,14819.0,2012
2030,p67,126,17176.0,2012
2030,p67,127,17102.0,2012
2030,p67,128,16118.0,2012
2030,p67,129,18431.0,2012
2030,p67,130,13491.0,2012
2030,p67,131,20430.0,2012
2030,p67,132,14573.0,2012
2030,p67,133,22931.0,2012
2030,p67,134,14440.0,2012
2030,p67,135,21947.0,2012
2030,p67,136,15014.0,2012
2030,p67,137,22472.0,2012
2030,p67,138,13971.0,2012
2030,p67,139,22126.0,2012
2030,p67,140,15809.0,2012
2030,p67,141,22480.0,2012
2030,p67,142,16777.0,2012
2030,p67,143,20098.0,2012
2030,p67,144,18763.0,2012
2030,p67,145,19457.0,2012
2030,p67,146,20156.0,2012
2030,p67,147,16113.0,2012
2030,p67,148,19665.0,2012
2030,p67,149,15867.0,2012
2030,p67,150,21533.0,2012
2030,p67,151,15106.0,2012
2030,p67,152,18767.0,2012
2030,p67,153,13073.0,2012
2030,p67,154,19027.0,2012
2030,p67,155,13629.0,2012
2030,p67,156,20353.0,2012
2030,p67,157,13478.0,2012
2030,p67,158,20840.0,2012
2030,p67,159,15195.0,2012
2030,p67,160,20704.0,2012
2030,p67,161,16188.0,2012
2030,p67,162,19102.0,2012
2030,p67,163,18549.0,2012
2030,p67,164,17670.0,2012
2030,p67,165,19923.0,2012
2030,p67,166,13273.0,2012
2030,p67,167,18244.0,2012
2030,p67,168,13755.0,2012
2030,p67,169,18084.0,2012
2030,p67,170,11502.0,2012
2030,p67,171,15065.0,2012
2030,p67,172,11855.0,2012
2030,p67,173,18107.0,2012
2030,p67,174,12197.0,2012
2030,p67,175,18495.0,2012
2030,p67,176,13932.0,2012
2030,p67,177,19100.0,2012
2030,p67,178,14823.0,2012
2030,p67,179,16363.0,2012
2030,p67,180,12466.0,2012
2030,p67,181,13996.0,2012
2030,p67,182,14002.0,2012
2030,p67,183,14420.0,2012
2030,p67,184,14177.0,2012
2030,p67,185,11257.0,2012
2030,p67,186,14403.0,2012
2030,p67,187,11986.0,2012
2030,p67,188,17820.0,2012
2030,p67,189,12010.0,2012
2030,p67,190,16141.0,2012
2030,p67,191,11381.0,2012
2030,p67,192,15370.0,2012
2030,p67,193,11051.0,2012
2030,p67,194,17078.0,2012
2030,p67,195,13967.0,2012
2030,p67,196,17383.0,2012
2030,p67,197,13378.0,2012
2030,p67,198,12694.0,2012
2030,p67,199,14522.0,2012
2030,p67,200,12801.0,2012
2030,p67,201,14182.0,2012
2030,p67,202,13105.0,2012
2030,p67,203,13218.0,2012
2030,p67,204,11511.0,2012
2030,p67,205,14033.0,2012
2030,p67,206,11359.0,2012
2030,p67,207,14307.0,2012
2030,p67,208,11177.0,2012
2030,p67,209,13490.0,2012
2030,p67,210,12821.0,2012
2030,p67,211,13285.0,2012
2030,p67,212,12055.0,2012
2030,p67,213,13963.0,2012
2030,p67,214,12254.0,2012
2030,p67,215,12646.0,2012
2030,p67,216,12405.0,2012
2030,p67,217,13301.0,2012
2030,p67,218,14304.0,2012
2030,p67,219,14142.0,2012
2030,p67,220,13644.0,2012
2030,p67,221,12387.0,2012
2030,p67,222,14638.0,2012
2030,p67,223,11673.0,2012
2030,p67,224,13845.0,2012
2030,p67,225,11365.0,2012
2030,p67,226,13580.0,2012
2030,p67,227,15506.0,2012
2030,p67,228,13877.0,2012
2030,p67,229,12392.0,2012
2030,p67,230,13709.0,2012
2030,p67,231,12440.0,2012
2030,p67,232,14980.0,2012
2030,p67,233,14371.0,2012
2030,p67,234,15203.0,2012
2030,p67,235,12051.0,2012
2030,p67,236,14056.0,2012
2030,p67,237,19336.0,2012
2030,p67,238,15476.0,2012
2030,p67,239,17369.0,2012
2030,p67,240,14471.0,2012
2045,p60,1,864.0,2012
2045,p60,2,1083.0,2012
2045,p60,3,1021.0,2012
2045,p60,4,1017.0,2012
2045,p60,5,839.0,2012
2045,p60,6,971.0,2012
2045,p60,7,990.0,2012
2045,p60,8,1032.0,2012
2045,p60,9,1263.0,2012
2045,p60,10,999.0,2012
2045,p60,11,911.0,2012
2045,p60,12,1137.0,2012
2045,p60,13,1067.0,2012
2045,p60,14,1057.0,2012
2045,p60,15,936.0,2012
2045,p60,16,1024.0,2012
2045,p60,17,1056.0,2012
2045,p60,18,987.0,2012
2045,p60,19,1012.0,2012
2045,p60,20,919.0,2012
2045,p60,21,1008.0,2012
2045,p60,22,864.0,2012
2045,p60,23,1046.0,2012
2045,p60,24,915.0,2012
2045,p60,25,1066.0,2012
2045,p60,26,962.0,2012
2045,p60,27,1062.0,2012
2045,p60,28,1120.0,2012
2045,p60,29,1227.0,2012
2045,p60,30,1116.0,2012
2045,p60,31,1067.0,2012
2045,p60,32,1040.0,2012
2045,p60,33,1027.0,2012
2045,p60,34,1062.0,2012
2045,p60,35,972.0,2012
2045,p60,36,1010.0,2012
2045,p60,37,1001.0,2012
2045,p60,38,936.0,2012
2045,p60,39,842.0,2012
2045,p60,40,1042.0,2012
2045,p60,41,877.0,2012
2045,p60,42,903.0,2012
2045,p60,43,867.0,2012
2045,p60,44,999.0,2012
2045,p60,45,855.0,2012
2045,p60,46,1140.0,2012
2045,p60,47,860.0,2012
2045,p60,48,1063.0,2012
2045,p60,49,926.0,2012
2045,p60,50,1087.0,2012
2045,p60,51,874.0,2012
2045,p60,52,988.0,2012
2045,p60,53,981.0,2012
2045,p60,54,929.0,2012
2045,p60,55,1013.0,2012
2045,p60,56,831.0,2012
2045,p60,57,1122.0,2012
2045,p60,58,861.0,2012
2045,p60,59,1103.0,2012
2045,p60,60,842.0,2012
2045,p60,61,1171.0,2012
2045,p60,62,913.0,2012
2045,p60,63,1149.0,2012
2045,p60,64,887.0,2012
2045,p60,65,1077.0,2012
2045,p60,66,929.0,2012
2045,p60,67,1186.0,2012
2045,p60,68,970.0,2012
2045,p60,69,1156.0,2012
2045,p60,70,953.0,2012
2045,p60,71,1019.0,2012
2045,p60,72,1007.0,2012
2045,p60,73,936.0,2012
2045,p60,74,926.0,2012
2045,p60,75,839.0,2012
2045,p60,76,1125.0,2012
2045,p60,77,936.0,2012
2045,p60,78,1277.0,2012
2045,p60,79,871.0,2012
2045,p60,80,1288.0,2012
2045,p60,81,927.0,2012
2045,p60,82,1348.0,2012
2045,p60,83,892.0,2012
2045,p60,84,1214.0,2012
2045,p60,85,970.0,2012
2045,p60,86,1174.0,2012
2045,p60,87,974.0,2012
2045,p60,88,1018.0,2012
2045,p60,89,1030.0,2012
2045,p60,90,989.0,2012
2045,p60,91,1109.0,2012
2045,p60,92,1024.0,2012
2045,p60,93,1163.0,2012
2045,p60,94,985.0,2012
2045,p60,95,1347.0,2012
2045,p60,96,1029.0,2012
2045,p60,97,1304.0,2012
2045,p60,98,975.0,2012
2045,p60,99,1482.0,2012
2045,p60,100,984.0,2012
2045,p60,101,1353.0,2012
2045,p60,102,921.0,2012
2045,p60,103,1432.0,2012
2045,p60,104,1084.0,2012
2045,p60,105,1221.0,2012
2045,p60,106,1004.0,2012
2045,p60,107,1242.0,2012
2045,p60,108,1206.0,2012
2045,p60,109,1181.0,2012
2045,p60,110,1326.0,2012
2045,p60,111,1056.0,2012
2045,p60,112,1386.0,2012
2045,p60,113,1012.0,2012
2045,p60,114,1410.0,2012
2045,p60,115,984.0,2012
2045,p60,116,1467.0,2012
2045,p60,117,1077.0,2012
2045,p60,118,1615.0,2012
2045,p60,119,1084.0,2012
2045,p60,120,1314.0,2012
2045,p60,121,1070.0,2012
2045,p60,122,1399.0,2012
2045,p60,123,1112.0,2012
2045,p60,124,1407.0,2012
2045,p60,125,1028.0,2012
2045,p60,126,1248.0,2012
2045,p60,127,1191.0,2012
2045,p60,128,1169.0,2012
2045,p60,129,1259.0,2012
2045,p60,130,980.0,2012
2045,p60,131,1404.0,2012
2045,p60,132,1066.0,2012
2045,p60,133,1571.0,2012
2045,p60,134,1043.0,2012
2045,p60,135,1512.0,2012
2045,p60,136,1077.0,2012
2045,p60,137,1529.0,2012
2045,p60,138,993.0,2012
2045,p60,139,1493.0,2012
2045,p60,140,1117.0,2012
2045,p60,141,1550.0,2012
2045,p60,142,1172.0,2012
2045,p60,143,1381.0,2012
2045,p60,144,1279.0,2012
2045,p60,145,1371.0,2012
2045,p60,146,1369.0,2012
2045,p60,147,1178.0,2012
2045,p60,148,1335.0,2012
2045,p60,149,1157.0,2012
2045,p60,150,1473.0,2012
2045,p60,151,1107.0,2012
2045,p60,152,1288.0,2012
2045,p60,153,996.0,2012
2045,p60,154,1326.0,2012
2045,p60,155,993.0,2012
2045,p60,156,1428.0,2012
2045,p60,157,962.0,2012
2045,p60,158,1462.0,2012
2045,p60,159,1080.0,2012
2045,p60,160,1445.0,2012
2045,p60,161,1106.0,2012
2045,p60,162,1325.0,2012
2045,p60,163,1262.0,2012
2045,p60,164,1262.0,2012
2045,p60,165,1363.0,2012
2045,p60,166,971.0,2012
2045,p60,167,1294.0,2012
2045,p60,168,1018.0,2012
2045,p60,169,1270.0,2012
2045,p60,170,865.0,2012
2045,p60,171,1072.0,2012
2045,p60,172,910.0,2012
2045,p60,173,1274.0,2012
2045,p60,174,914.0,2012
2045,p60,175,1280.0,2012
2045,p60,176,1009.0,2012
2045,p60,177,1343.0,2012
2045,p60,178,1051.0,2012
2045,p60,179,1203.0,2012
2045,p60,180,887.0,2012
2045,p60,181,1062.0,2012
2045,p60,182,993.0,2012
2045,p60,183,1067.0,2012
2045,p60,184,1015.0,2012
2045,p60,185,853.0,2012
2045,p60,186,1053.0,2012
2045,p60,187,909.0,2012
2045,p60,188,1270.0,2012
2045,p60,189,894.0,2012
2045,p60,190,1175.0,2012
2045,p60,191,880.0,2012
2045,p60,192,1116.0,2012
2045,p60,193,814.0,2012
2045,p60,194,1200.0,2012
2045,p60,195,998.0,2012
2045,p60,196,1241.0,2012
2045,p60,197,972.0,2012
2045,p60,198,948.0,2012
2045,p60,199,1051.0,2012
2045,p60,200,977.0,2012
2045,p60,201,1018.0,2012
2045,p60,202,1001.0,2012
2045,p60,203,957.0,2012
2045,p60,204,892.0,2012
2045,p60,205,1034.0,2012
2045,p60,206,877.0,2012
2045,p60,207,1029.0,2012
2045,p60,208,889.0,2012
2045,p60,209,1009.0,2012
2045,p60,210,954.0,2012
2045,p60,211,1013.0,2012
2045,p60,212,883.0,2012
2045,p60,213,1053.0,2012
2045,p60,214,902.0,2012
2045,p60,215,973.0,2012
2045,p60,216,902.0,2012
2045,p60,217,980.0,2012
2045,p60,218,1028.0,2012
2045,p60,219,1054.0,2012
2045,p60,220,997.0,2012
2045,p60,221,911.0,2012
2045,p60,222,1071.0,2012
2045,p60,223,892.0,2012
2045,p60,224,1029.0,2012
2045,p60,225,851.0,2012
2045,p60,226,989.0,2012
2045,p60,227,1154.0,2012
2045,p60,228,1036.0,2012
2045,p60,229,925.0,2012
2045,p60,230,999.0,2012
2045,p60,231,922.0,2012
2045,p60,232,1100.0,2012
2045,p60,233,1035.0,2012
2045,p60,234,1140.0,2012
2045,p60,235,866.0,2012
2045,p60,236,1075.0,2012
2045,p60,237,1379.0,2012
2045,p60,238,1142.0,2012
2045,p60,239,1238.0,2012
2045,p60,240,1051.0,2012
2045,p61,1,1519.0,2012
2045,p61,2,1904.0,2012
2045,p61,3,1795.0,2012
2045,p61,4,1788.0,2012
2045,p61,5,1475.0,2012
2045,p61,6,1708.0,2012
2045,p61,7,1739.0,2012
2045,p61,8,1815.0,2012
2045,p61,9,2221.0,2012
2045,p61,10,1756.0,2012
2045,p61,11,1602.0,2012
2045,p61,12,2001.0,2012
2045,p61,13,1875.0,2012
2045,p61,14,1859.0,2012
2045,p61,15,1647.0,2012
2045,p61,16,1801.0,2012
2045,p61,17,1856.0,2012
2045,p61,18,1735.0,2012
2045,p61,19,1779.0,2012
2045,p61,20,1616.0,2012
2045,p61,21,1772.0,2012
2045,p61,22,1520.0,2012
2045,p61,23,1840.0,2012
2045,p61,24,1609.0,2012
2045,p61,25,1875.0,2012
2045,p61,26,1692.0,2012
2045,p61,27,1867.0,2012
2045,p61,28,1970.0,2012
2045,p61,29,2157.0,2012
2045,p61,30,1962.0,2012
2045,p61,31,1877.0,2012
2045,p61,32,1828.0,2012
2045,p61,33,1805.0,2012
2045,p61,34,1869.0,2012
2045,p61,35,1709.0,2012
2045,p61,36,1777.0,2012
2045,p61,37,1760.0,2012
2045,p61,38,1646.0,2012
2045,p61,39,1481.0,2012
2045,p61,40,1833.0,2012
2045,p61,41,1541.0,2012
2045,p61,42,1587.0,2012
2045,p61,43,1526.0,2012
2045,p61,44,1757.0,2012
2045,p61,45,1503.0,2012
2045,p61,46,2004.0,2012
2045,p61,47,1512.0,2012
2045,p61,48,1869.0,2012
2045,p61,49,1628.0,2012
2045,p61,50,1911.0,2012
2045,p61,51,1537.0,2012
2045,p61,52,1737.0,2012
2045,p61,53,1726.0,2012
2045,p61,54,1634.0,2012
2045,p61,55,1781.0,2012
2045,p61,56,1461.0,2012
2045,p61,57,1973.0,2012
2045,p61,58,1515.0,2012
2045,p61,59,1940.0,2012
2045,p61,60,1481.0,2012
2045,p61,61,2059.0,2012
2045,p61,62,1605.0,2012
2045,p61,63,2019.0,2012
2045,p61,64,1560.0,2012
2045,p61,65,1894.0,2012
2045,p61,66,1634.0,2012
2045,p61,67,2087.0,2012
2045,p61,68,1705.0,2012
2045,p61,69,2032.0,2012
2045,p61,70,1675.0,2012
2045,p61,71,1792.0,2012
2045,p61,72,1770.0,2012
2045,p61,73,1646.0,2012
2045,p61,74,1628.0,2012
2045,p61,75,1475.0,2012
2045,p61,76,1978.0,2012
2045,p61,77,1647.0,2012
2045,p61,78,2245.0,2012
2045,p61,79,1531.0,2012
2045,p61,80,2265.0,2012
2045,p61,81,1630.0,2012
2045,p61,82,2371.0,2012
2045,p61,83,1568.0,2012
2045,p61,84,2135.0,2012
2045,p61,85,1705.0,2012
2045,p61,86,2065.0,2012
2045,p61,87,1712.0,2012
2045,p61,88,1791.0,2012
2045,p61,89,1811.0,2012
2045,p61,90,1739.0,2012
2045,p61,91,1949.0,2012
2045,p61,92,1801.0,2012
2045,p61,93,2045.0,2012
2045,p61,94,1733.0,2012
2045,p61,95,2368.0,2012
2045,p61,96,1810.0,2012
2045,p61,97,2293.0,2012
2045,p61,98,1715.0,2012
2045,p61,99,2605.0,2012
2045,p61,100,1731.0,2012
2045,p61,101,2378.0,2012
2045,p61,102,1619.0,2012
2045,p61,103,2519.0,2012
2045,p61,104,1906.0,2012
2045,p61,105,2147.0,2012
2045,p61,106,1764.0,2012
2045,p61,107,2184.0,2012
2045,p61,108,2120.0,2012
2045,p61,109,2078.0,2012
2045,p61,110,2332.0,2012
2045,p61,111,1857.0,2012
2045,p61,112,2438.0,2012
2045,p61,113,1780.0,2012
2045,p61,114,2478.0,2012
2045,p61,115,1729.0,2012
2045,p61,116,2579.0,2012
2045,p61,117,1893.0,2012
2045,p61,118,2841.0,2012
2045,p61,119,1905.0,2012
2045,p61,120,2311.0,2012
2045,p61,121,1881.0,2012
2045,p61,122,2459.0,2012
2045,p61,123,1956.0,2012
2045,p61,124,2474.0,2012
2045,p61,125,1808.0,2012
2045,p61,126,2194.0,2012
2045,p61,127,2093.0,2012
2045,p61,128,2056.0,2012
2045,p61,129,2213.0,2012
2045,p61,130,1724.0,2012
2045,p61,131,2470.0,2012
2045,p61,132,1875.0,2012
2045,p61,133,2763.0,2012
2045,p61,134,1834.0,2012
2045,p61,135,2659.0,2012
2045,p61,136,1893.0,2012
2045,p61,137,2689.0,2012
2045,p61,138,1746.0,2012
2045,p61,139,2625.0,2012
2045,p61,140,1963.0,2012
2045,p61,141,2725.0,2012
2045,p61,142,2061.0,2012
2045,p61,143,2427.0,2012
2045,p61,144,2249.0,2012
2045,p61,145,2411.0,2012
2045,p61,146,2406.0,2012
2045,p61,147,2071.0,2012
2045,p61,148,2347.0,2012
2045,p61,149,2036.0,2012
2045,p61,150,2590.0,2012
2045,p61,151,1946.0,2012
2045,p61,152,2265.0,2012
2045,p61,153,1752.0,2012
2045,p61,154,2333.0,2012
2045,p61,155,1747.0,2012
2045,p61,156,2511.0,2012
2045,p61,157,1691.0,2012
2045,p61,158,2571.0,2012
2045,p61,159,1900.0,2012
2045,p61,160,2539.0,2012
2045,p61,161,1945.0,2012
2045,p61,162,2331.0,2012
2045,p61,163,2218.0,2012
2045,p61,164,2220.0,2012
2045,p61,165,2398.0,2012
2045,p61,166,1708.0,2012
2045,p61,167,2276.0,2012
2045,p61,168,1790.0,2012
2045,p61,169,2233.0,2012
2045,p61,170,1521.0,2012
2045,p61,171,1885.0,2012
2045,p61,172,1600.0,2012
2045,p61,173,2240.0,2012
2045,p61,174,1607.0,2012
2045,p61,175,2251.0,2012
2045,p61,176,1774.0,2012
2045,p61,177,2361.0,2012
2045,p61,178,1848.0,2012
2045,p61,179,2116.0,2012
2045,p61,180,1561.0,2012
2045,p61,181,1867.0,2012
2045,p61,182,1747.0,2012
2045,p61,183,1877.0,2012
2045,p61,184,1784.0,2012
2045,p61,185,1501.0,2012
2045,p61,186,1851.0,2012
2045,p61,187,1598.0,2012
2045,p61,188,2234.0,2012
2045,p61,189,1572.0,2012
2045,p61,190,2066.0,2012
2045,p61,191,1546.0,2012
2045,p61,192,1963.0,2012
2045,p61,193,1430.0,2012
2045,p61,194,2110.0,2012
2045,p61,195,1755.0,2012
2045,p61,196,2181.0,2012
2045,p61,197,1708.0,2012
2045,p61,198,1667.0,2012
2045,p61,199,1848.0,2012
2045,p61,200,1717.0,2012
2045,p61,201,1791.0,2012
2045,p61,202,1760.0,2012
2045,p61,203,1683.0,2012
2045,p61,204,1569.0,2012
2045,p61,205,1818.0,2012
2045,p61,206,1543.0,2012
2045,p61,207,1810.0,2012
2045,p61,208,1563.0,2012
2045,p61,209,1774.0,2012
2045,p61,210,1678.0,2012
2045,p61,211,1781.0,2012
2045,p61,212,1553.0,2012
2045,p61,213,1851.0,2012
2045,p61,214,1587.0,2012
2045,p61,215,1711.0,2012
2045,p61,216,1586.0,2012
2045,p61,217,1723.0,2012
2045,p61,218,1808.0,2012
2045,p61,219,1853.0,2012
2045,p61,220,1753.0,2012
2045,p61,221,1602.0,2012
2045,p61,222,1884.0,2012
2045,p61,223,1568.0,2012
2045,p61,224,1810.0,2012
2045,p61,225,1497.0,2012
2045,p61,226,1739.0,2012
2045,p61,227,2029.0,2012
2045,p61,228,1822.0,2012
2045,p61,229,1627.0,2012
2045,p61,230,1758.0,2012
2045,p61,231,1622.0,2012
2045,p61,232,1935.0,2012
2045,p61,233,1820.0,2012
2045,p61,234,2003.0,2012
2045,p61,235,1523.0,2012
2045,p61,236,1891.0,2012
2045,p61,237,2424.0,2012
2045,p61,238,2008.0,2012
2045,p61,239,2178.0,2012
2045,p61,240,1848.0,2012
2045,p62,1,1593.0,2012
2045,p62,2,1997.0,2012
2045,p62,3,1883.0,2012
2045,p62,4,1875.0,2012
2045,p62,5,1547.0,2012
2045,p62,6,1791.0,2012
2045,p62,7,1824.0,2012
2045,p62,8,1903.0,2012
2045,p62,9,2329.0,2012
2045,p62,10,1841.0,2012
2045,p62,11,1680.0,2012
2045,p62,12,2098.0,2012
2045,p62,13,1967.0,2012
2045,p62,14,1949.0,2012
2045,p62,15,1727.0,2012
2045,p62,16,1888.0,2012
2045,p62,17,1946.0,2012
2045,p62,18,1819.0,2012
2045,p62,19,1865.0,2012
2045,p62,20,1694.0,2012
2045,p62,21,1858.0,2012
2045,p62,22,1594.0,2012
2045,p62,23,1930.0,2012
2045,p62,24,1687.0,2012
2045,p62,25,1967.0,2012
2045,p62,26,1774.0,2012
2045,p62,27,1958.0,2012
2045,p62,28,2065.0,2012
2045,p62,29,2262.0,2012
2045,p62,30,2058.0,2012
2045,p62,31,1967.0,2012
2045,p62,32,1917.0,2012
2045,p62,33,1893.0,2012
2045,p62,34,1959.0,2012
2045,p62,35,1792.0,2012
2045,p62,36,1863.0,2012
2045,p62,37,1846.0,2012
2045,p62,38,1726.0,2012
2045,p62,39,1552.0,2012
2045,p62,40,1921.0,2012
2045,p62,41,1616.0,2012
2045,p62,42,1664.0,2012
2045,p62,43,1599.0,2012
2045,p62,44,1842.0,2012
2045,p62,45,1576.0,2012
2045,p62,46,2102.0,2012
2045,p62,47,1585.0,2012
2045,p62,48,1960.0,2012
2045,p62,49,1707.0,2012
2045,p62,50,2004.0,2012
2045,p62,51,1611.0,2012
2045,p62,52,1821.0,2012
2045,p62,53,1809.0,2012
2045,p62,54,1713.0,2012
2045,p62,55,1868.0,2012
2045,p62,56,1532.0,2012
2045,p62,57,2069.0,2012
2045,p62,58,1589.0,2012
2045,p62,59,2035.0,2012
2045,p62,60,1553.0,2012
2045,p62,61,2160.0,2012
2045,p62,62,1683.0,2012
2045,p62,63,2118.0,2012
2045,p62,64,1636.0,2012
2045,p62,65,1986.0,2012
2045,p62,66,1713.0,2012
2045,p62,67,2187.0,2012
2045,p62,68,1789.0,2012
2045,p62,69,2130.0,2012
2045,p62,70,1757.0,2012
2045,p62,71,1879.0,2012
2045,p62,72,1857.0,2012
2045,p62,73,1726.0,2012
2045,p62,74,1707.0,2012
2045,p62,75,1546.0,2012
2045,p62,76,2074.0,2012
2045,p62,77,1727.0,2012
2045,p62,78,2354.0,2012
2045,p62,79,1606.0,2012
2045,p62,80,2375.0,2012
2045,p62,81,1710.0,2012
2045,p62,82,2486.0,2012
2045,p62,83,1644.0,2012
2045,p62,84,2239.0,2012
2045,p62,85,1789.0,2012
2045,p62,86,2164.0,2012
2045,p62,87,1795.0,2012
2045,p62,88,1878.0,2012
2045,p62,89,1898.0,2012
2045,p62,90,1823.0,2012
2045,p62,91,2044.0,2012
2045,p62,92,1888.0,2012
2045,p62,93,2145.0,2012
2045,p62,94,1817.0,2012
2045,p62,95,2484.0,2012
2045,p62,96,1897.0,2012
2045,p62,97,2404.0,2012
2045,p62,98,1797.0,2012
2045,p62,99,2731.0,2012
2045,p62,100,1815.0,2012
2045,p62,101,2493.0,2012
2045,p62,102,1698.0,2012
2045,p62,103,2640.0,2012
2045,p62,104,1999.0,2012
2045,p62,105,2251.0,2012
2045,p62,106,1850.0,2012
2045,p62,107,2290.0,2012
2045,p62,108,2223.0,2012
2045,p62,109,2179.0,2012
2045,p62,110,2445.0,2012
2045,p62,111,1947.0,2012
2045,p62,112,2557.0,2012
2045,p62,113,1866.0,2012
2045,p62,114,2599.0,2012
2045,p62,115,1813.0,2012
2045,p62,116,2705.0,2012
2045,p62,117,1986.0,2012
2045,p62,118,2978.0,2012
2045,p62,119,1998.0,2012
2045,p62,120,2424.0,2012
2045,p62,121,1972.0,2012
2045,p62,122,2579.0,2012
2045,p62,123,2050.0,2012
2045,p62,124,2594.0,2012
2045,p62,125,1896.0,2012
2045,p62,126,2301.0,2012
2045,p62,127,2194.0,2012
2045,p62,128,2155.0,2012
2045,p62,129,2321.0,2012
2045,p62,130,1808.0,2012
2045,p62,131,2590.0,2012
2045,p62,132,1966.0,2012
2045,p62,133,2897.0,2012
2045,p62,134,1923.0,2012
2045,p62,135,2788.0,2012
2045,p62,136,1985.0,2012
2045,p62,137,2819.0,2012
2045,p62,138,1830.0,2012
2045,p62,139,2753.0,2012
2045,p62,140,2059.0,2012
2045,p62,141,2857.0,2012
2045,p62,142,2161.0,2012
2045,p62,143,2546.0,2012
2045,p62,144,2359.0,2012
2045,p62,145,2528.0,2012
2045,p62,146,2523.0,2012
2045,p62,147,2171.0,2012
2045,p62,148,2462.0,2012
2045,p62,149,2134.0,2012
2045,p62,150,2716.0,2012
2045,p62,151,2041.0,2012
2045,p62,152,2375.0,2012
2045,p62,153,1838.0,2012
2045,p62,154,2446.0,2012
2045,p62,155,1832.0,2012
2045,p62,156,2633.0,2012
2045,p62,157,1774.0,2012
2045,p62,158,2696.0,2012
2045,p62,159,1991.0,2012
2045,p62,160,2663.0,2012
2045,p62,161,2039.0,2012
2045,p62,162,2444.0,2012
2045,p62,163,2326.0,2012
2045,p62,164,2327.0,2012
2045,p62,165,2514.0,2012
2045,p62,166,1791.0,2012
2045,p62,167,2386.0,2012
2045,p62,168,1876.0,2012
2045,p62,169,2341.0,2012
2045,p62,170,1596.0,2012
2045,p62,171,1977.0,2012
2045,p62,172,1677.0,2012
2045,p62,173,2349.0,2012
2045,p62,174,1686.0,2012
2045,p62,175,2360.0,2012
2045,p62,176,1861.0,2012
2045,p62,177,2477.0,2012
2045,p62,178,1937.0,2012
2045,p62,179,2219.0,2012
2045,p62,180,1637.0,2012
2045,p62,181,1957.0,2012
2045,p62,182,1832.0,2012
2045,p62,183,1967.0,2012
2045,p62,184,1871.0,2012
2045,p62,185,1573.0,2012
2045,p62,186,1941.0,2012
2045,p62,187,1676.0,2012
2045,p62,188,2342.0,2012
2045,p62,189,1649.0,2012
2045,p62,190,2166.0,2012
2045,p62,191,1621.0,2012
2045,p62,192,2058.0,2012
2045,p62,193,1500.0,2012
2045,p62,194,2213.0,2012
2045,p62,195,1840.0,2012
2045,p62,196,2287.0,2012
2045,p62,197,1792.0,2012
2045,p62,198,1747.0,2012
2045,p62,199,1937.0,2012
2045,p62,200,1800.0,2012
2045,p62,201,1878.0,2012
2045,p62,202,1845.0,2012
2045,p62,203,1765.0,2012
2045,p62,204,1645.0,2012
2045,p62,205,1906.0,2012
2045,p62,206,1618.0,2012
2045,p62,207,1898.0,2012
2045,p62,208,1639.0,2012
2045,p62,209,1861.0,2012
2045,p62,210,1759.0,2012
2045,p62,211,1868.0,2012
2045,p62,212,1628.0,2012
2045,p62,213,1941.0,2012
2045,p62,214,1664.0,2012
2045,p62,215,1793.0,2012
2045,p62,216,1664.0,2012
2045,p62,217,1807.0,2012
2045,p62,218,1897.0,2012
2045,p62,219,1944.0,2012
2045,p62,220,1838.0,2012
2045,p62,221,1680.0,2012
2045,p62,222,1975.0,2012
2045,p62,223,1644.0,2012
2045,p62,224,1897.0,2012
2045,p62,225,1569.0,2012
2045,p62,226,1823.0,2012
2045,p62,227,2128.0,2012
2045,p62,228,1910.0,2012
2045,p62,229,1705.0,2012
2045,p62,230,1843.0,2012
2045,p62,231,1700.0,2012
2045,p62,232,2029.0,2012
2045,p62,233,1909.0,2012
2045,p62,234,2101.0,2012
2045,p62,235,1597.0,2012
2045,p62,236,1982.0,2012
2045,p62,237,2542.0,2012
2045,p62,238,2106.0,2012
2045,p62,239,2284.0,2012
2045,p62,240,1937.0,2012
2045,p63,1,24394.0,2012
2045,p63,2,30577.0,2012
2045,p63,3,28823.0,2012
2045,p63,4,28707.0,2012
2045,p63,5,23687.0,2012
2045,p63,6,27429.0,2012
2045,p63,7,27932.0,2012
2045,p63,8,29140.0,2012
2045,p63,9,35656.0,2012
2045,p63,10,28188.0,2012
2045,p63,11,25724.0,2012
2045,p63,12,32117.0,2012
2045,p63,13,30120.0,2012
2045,p63,14,29851.0,2012
2045,p63,15,26444.0,2012
2045,p63,16,28914.0,2012
2045,p63,17,29803.0,2012
2045,p63,18,27856.0,2012
2045,p63,19,28565.0,2012
2045,p63,20,25939.0,2012
2045,p63,21,28458.0,2012
2045,p63,22,24406.0,2012
2045,p63,23,29550.0,2012
2045,p63,24,25836.0,2012
2045,p63,25,30109.0,2012
2045,p63,26,27164.0,2012
2045,p63,27,29980.0,2012
2045,p63,28,31625.0,2012
2045,p63,29,34640.0,2012
2045,p63,30,31511.0,2012
2045,p63,31,30126.0,2012
2045,p63,32,29347.0,2012
2045,p63,33,28990.0,2012
2045,p63,34,30003.0,2012
2045,p63,35,27442.0,2012
2045,p63,36,28522.0,2012
2045,p63,37,28265.0,2012
2045,p63,38,26427.0,2012
2045,p63,39,23768.0,2012
2045,p63,40,29420.0,2012
2045,p63,41,24740.0,2012
2045,p63,42,25489.0,2012
2045,p63,43,24490.0,2012
2045,p63,44,28196.0,2012
2045,p63,45,24134.0,2012
2045,p63,46,32178.0,2012
2045,p63,47,24269.0,2012
2045,p63,48,30010.0,2012
2045,p63,49,26135.0,2012
2045,p63,50,30686.0,2012
2045,p63,51,24669.0,2012
2045,p63,52,27888.0,2012
2045,p63,53,27705.0,2012
2045,p63,54,26227.0,2012
2045,p63,55,28605.0,2012
2045,p63,56,23458.0,2012
2045,p63,57,31677.0,2012
2045,p63,58,24331.0,2012
2045,p63,59,31153.0,2012
2045,p63,60,23781.0,2012
2045,p63,61,33065.0,2012
2045,p63,62,25772.0,2012
2045,p63,63,32430.0,2012
2045,p63,64,25048.0,2012
2045,p63,65,30407.0,2012
2045,p63,66,26232.0,2012
2045,p63,67,33492.0,2012
2045,p63,68,27384.0,2012
2045,p63,69,32623.0,2012
2045,p63,70,26902.0,2012
2045,p63,71,28770.0,2012
2045,p63,72,28425.0,2012
2045,p63,73,26423.0,2012
2045,p63,74,26145.0,2012
2045,p63,75,23679.0,2012
2045,p63,76,31753.0,2012
2045,p63,77,26446.0,2012
2045,p63,78,36052.0,2012
2045,p63,79,24588.0,2012
2045,p63,80,36362.0,2012
2045,p63,81,26183.0,2012
2045,p63,82,38072.0,2012
2045,p63,83,25170.0,2012
2045,p63,84,34280.0,2012
2045,p63,85,27384.0,2012
2045,p63,86,33143.0,2012
2045,p63,87,27479.0,2012
2045,p63,88,28760.0,2012
2045,p63,89,29070.0,2012
2045,p63,90,27924.0,2012
2045,p63,91,31294.0,2012
2045,p63,92,28917.0,2012
2045,p63,93,32835.0,2012
2045,p63,94,27819.0,2012
2045,p63,95,38027.0,2012
2045,p63,96,29045.0,2012
2045,p63,97,36814.0,2012
2045,p63,98,27526.0,2012
2045,p63,99,41829.0,2012
2045,p63,100,27798.0,2012
2045,p63,101,38184.0,2012
2045,p63,102,25992.0,2012
2045,p63,103,40431.0,2012
2045,p63,104,30610.0,2012
2045,p63,105,34477.0,2012
2045,p63,106,28336.0,2012
2045,p63,107,35068.0,2012
2045,p63,108,34038.0,2012
2045,p63,109,33352.0,2012
2045,p63,110,37441.0,2012
2045,p63,111,29811.0,2012
2045,p63,112,39143.0,2012
2045,p63,113,28572.0,2012
2045,p63,114,39794.0,2012
2045,p63,115,27764.0,2012
2045,p63,116,41418.0,2012
2045,p63,117,30397.0,2012
2045,p63,118,45607.0,2012
2045,p63,119,30595.0,2012
2045,p63,120,37110.0,2012
2045,p63,121,30202.0,2012
2045,p63,122,39490.0,2012
2045,p63,123,31400.0,2012
2045,p63,124,39715.0,2012
2045,p63,125,29036.0,2012
2045,p63,126,35235.0,2012
2045,p63,127,33601.0,2012
2045,p63,128,32999.0,2012
2045,p63,129,35535.0,2012
2045,p63,130,27681.0,2012
2045,p63,131,39659.0,2012
2045,p63,132,30105.0,2012
2045,p63,133,44357.0,2012
2045,p63,134,29447.0,2012
2045,p63,135,42689.0,2012
2045,p63,136,30389.0,2012
2045,p63,137,43170.0,2012
2045,p63,138,28021.0,2012
2045,p63,139,42150.0,2012
2045,p63,140,31527.0,2012
2045,p63,141,43754.0,2012
2045,p63,142,33093.0,2012
2045,p63,143,38977.0,2012
2045,p63,144,36119.0,2012
2045,p63,145,38715.0,2012
2045,p63,146,38642.0,2012
2045,p63,147,33245.0,2012
2045,p63,148,37688.0,2012
2045,p63,149,32681.0,2012
2045,p63,150,41577.0,2012
2045,p63,151,31248.0,2012
2045,p63,152,36361.0,2012
2045,p63,153,28141.0,2012
2045,p63,154,37451.0,2012
2045,p63,155,28048.0,2012
2045,p63,156,40307.0,2012
2045,p63,157,27151.0,2012
2045,p63,158,41285.0,2012
2045,p63,159,30492.0,2012
2045,p63,160,40782.0,2012
2045,p63,161,31218.0,2012
2045,p63,162,37427.0,2012
2045,p63,163,35622.0,2012
2045,p63,164,35633.0,2012
2045,p63,165,38495.0,2012
2045,p63,166,27428.0,2012
2045,p63,167,36531.0,2012
2045,p63,168,28729.0,2012
2045,p63,169,35856.0,2012
2045,p63,170,24429.0,2012
2045,p63,171,30272.0,2012
2045,p63,172,25680.0,2012
2045,p63,173,35970.0,2012
2045,p63,174,25808.0,2012
2045,p63,175,36144.0,2012
2045,p63,176,28486.0,2012
2045,p63,177,37921.0,2012
2045,p63,178,29665.0,2012
2045,p63,179,33972.0,2012
2045,p63,180,25056.0,2012
2045,p63,181,29972.0,2012
2045,p63,182,28053.0,2012
2045,p63,183,30128.0,2012
2045,p63,184,28648.0,2012
2045,p63,185,24090.0,2012
2045,p63,186,29728.0,2012
2045,p63,187,25664.0,2012
2045,p63,188,35866.0,2012
2045,p63,189,25239.0,2012
2045,p63,190,33170.0,2012
2045,p63,191,24824.0,2012
2045,p63,192,31522.0,2012
2045,p63,193,22967.0,2012
2045,p63,194,33878.0,2012
2045,p63,195,28178.0,2012
2045,p63,196,35013.0,2012
2045,p63,197,27439.0,2012
2045,p63,198,26762.0,2012
2045,p63,199,29667.0,2012
2045,p63,200,27565.0,2012
2045,p63,201,28749.0,2012
2045,p63,202,28263.0,2012
2045,p63,203,27023.0,2012
2045,p63,204,25180.0,2012
2045,p63,205,29193.0,2012
2045,p63,206,24774.0,2012
2045,p63,207,29061.0,2012
2045,p63,208,25093.0,2012
2045,p63,209,28491.0,2012
2045,p63,210,26933.0,2012
2045,p63,211,28600.0,2012
2045,p63,212,24933.0,2012
2045,p63,213,29724.0,2012
2045,p63,214,25483.0,2012
2045,p63,215,27462.0,2012
2045,p63,216,25470.0,2012
2045,p63,217,27664.0,2012
2045,p63,218,29040.0,2012
2045,p63,219,29761.0,2012
2045,p63,220,28151.0,2012
2045,p63,221,25722.0,2012
2045,p63,222,30249.0,2012
2045,p63,223,25174.0,2012
2045,p63,224,29048.0,2012
2045,p63,225,24032.0,2012
2045,p63,226,27916.0,2012
2045,p63,227,32586.0,2012
2045,p63,228,29246.0,2012
2045,p63,229,26118.0,2012
2045,p63,230,28217.0,2012
2045,p63,231,26029.0,2012
2045,p63,232,31071.0,2012
2045,p63,233,29230.0,2012
2045,p63,234,32168.0,2012
2045,p63,235,24451.0,2012
2045,p63,236,30353.0,2012
2045,p63,237,38918.0,2012
2045,p63,238,32249.0,2012
2045,p63,239,34969.0,2012
2045,p63,240,29669.0,2012
2045,p64,1,7043.0,2012
2045,p64,2,8829.0,2012
2045,p64,3,8323.0,2012
2045,p64,4,8289.0,2012
2045,p64,5,6840.0,2012
2045,p64,6,7920.0,2012
2045,p64,7,8065.0,2012
2045,p64,8,8414.0,2012
2045,p64,9,10295.0,2012
2045,p64,10,8139.0,2012
2045,p64,11,7427.0,2012
2045,p64,12,9273.0,2012
2045,p64,13,8697.0,2012
2045,p64,14,8619.0,2012
2045,p64,15,7635.0,2012
2045,p64,16,8349.0,2012
2045,p64,17,8606.0,2012
2045,p64,18,8043.0,2012
2045,p64,19,8248.0,2012
2045,p64,20,7490.0,2012
2045,p64,21,8217.0,2012
2045,p64,22,7047.0,2012
2045,p64,23,8532.0,2012
2045,p64,24,7460.0,2012
2045,p64,25,8694.0,2012
2045,p64,26,7843.0,2012
2045,p64,27,8656.0,2012
2045,p64,28,9131.0,2012
2045,p64,29,10002.0,2012
2045,p64,30,9098.0,2012
2045,p64,31,8698.0,2012
2045,p64,32,8474.0,2012
2045,p64,33,8370.0,2012
2045,p64,34,8663.0,2012
2045,p64,35,7923.0,2012
2045,p64,36,8236.0,2012
2045,p64,37,8161.0,2012
2045,p64,38,7631.0,2012
2045,p64,39,6863.0,2012
2045,p64,40,8494.0,2012
2045,p64,41,7143.0,2012
2045,p64,42,7359.0,2012
2045,p64,43,7072.0,2012
2045,p64,44,8141.0,2012
2045,p64,45,6968.0,2012
2045,p64,46,9291.0,2012
2045,p64,47,7007.0,2012
2045,p64,48,8665.0,2012
2045,p64,49,7546.0,2012
2045,p64,50,8860.0,2012
2045,p64,51,7122.0,2012
2045,p64,52,8052.0,2012
2045,p64,53,7999.0,2012
2045,p64,54,7572.0,2012
2045,p64,55,8259.0,2012
2045,p64,56,6774.0,2012
2045,p64,57,9147.0,2012
2045,p64,58,7026.0,2012
2045,p64,59,8995.0,2012
2045,p64,60,6866.0,2012
2045,p64,61,9547.0,2012
2045,p64,62,7442.0,2012
2045,p64,63,9364.0,2012
2045,p64,64,7233.0,2012
2045,p64,65,8779.0,2012
2045,p64,66,7575.0,2012
2045,p64,67,9670.0,2012
2045,p64,68,7907.0,2012
2045,p64,69,9420.0,2012
2045,p64,70,7767.0,2012
2045,p64,71,8307.0,2012
2045,p64,72,8207.0,2012
2045,p64,73,7630.0,2012
2045,p64,74,7549.0,2012
2045,p64,75,6836.0,2012
2045,p64,76,9169.0,2012
2045,p64,77,7636.0,2012
2045,p64,78,10410.0,2012
2045,p64,79,7099.0,2012
2045,p64,80,10499.0,2012
2045,p64,81,7560.0,2012
2045,p64,82,10993.0,2012
2045,p64,83,7268.0,2012
2045,p64,84,9898.0,2012
2045,p64,85,7907.0,2012
2045,p64,86,9569.0,2012
2045,p64,87,7934.0,2012
2045,p64,88,8304.0,2012
2045,p64,89,8393.0,2012
2045,p64,90,8062.0,2012
2045,p64,91,9036.0,2012
2045,p64,92,8349.0,2012
2045,p64,93,9481.0,2012
2045,p64,94,8032.0,2012
2045,p64,95,10980.0,2012
2045,p64,96,8387.0,2012
2045,p64,97,10630.0,2012
2045,p64,98,7948.0,2012
2045,p64,99,12078.0,2012
2045,p64,100,8026.0,2012
2045,p64,101,11025.0,2012
2045,p64,102,7505.0,2012
2045,p64,103,11674.0,2012
2045,p64,104,8839.0,2012
2045,p64,105,9954.0,2012
2045,p64,106,8182.0,2012
2045,p64,107,10126.0,2012
2045,p64,108,9828.0,2012
2045,p64,109,9630.0,2012
2045,p64,110,10810.0,2012
2045,p64,111,8608.0,2012
2045,p64,112,11302.0,2012
2045,p64,113,8250.0,2012
2045,p64,114,11490.0,2012
2045,p64,115,8017.0,2012
2045,p64,116,11959.0,2012
2045,p64,117,8777.0,2012
2045,p64,118,13169.0,2012
2045,p64,119,8834.0,2012
2045,p64,120,10716.0,2012
2045,p64,121,8720.0,2012
2045,p64,122,11402.0,2012
2045,p64,123,9066.0,2012
2045,p64,124,11467.0,2012
2045,p64,125,8383.0,2012
2045,p64,126,10173.0,2012
2045,p64,127,9701.0,2012
2045,p64,128,9527.0,2012
2045,p64,129,10260.0,2012
2045,p64,130,7993.0,2012
2045,p64,131,11451.0,2012
2045,p64,132,8692.0,2012
2045,p64,133,12808.0,2012
2045,p64,134,8502.0,2012
2045,p64,135,12326.0,2012
2045,p64,136,8775.0,2012
2045,p64,137,12465.0,2012
2045,p64,138,8091.0,2012
2045,p64,139,12170.0,2012
2045,p64,140,9103.0,2012
2045,p64,141,12633.0,2012
2045,p64,142,9555.0,2012
2045,p64,143,11254.0,2012
2045,p64,144,10429.0,2012
2045,p64,145,11179.0,2012
2045,p64,146,11158.0,2012
2045,p64,147,9599.0,2012
2045,p64,148,10882.0,2012
2045,p64,149,9436.0,2012
2045,p64,150,12005.0,2012
2045,p64,151,9022.0,2012
2045,p64,152,10499.0,2012
2045,p64,153,8126.0,2012
2045,p64,154,10814.0,2012
2045,p64,155,8098.0,2012
2045,p64,156,11639.0,2012
2045,p64,157,7840.0,2012
2045,p64,158,11920.0,2012
2045,p64,159,8805.0,2012
2045,p64,160,11775.0,2012
2045,p64,161,9014.0,2012
2045,p64,162,10807.0,2012
2045,p64,163,10285.0,2012
2045,p64,164,10289.0,2012
2045,p64,165,11115.0,2012
2045,p64,166,7919.0,2012
2045,p64,167,10548.0,2012
2045,p64,168,8295.0,2012
2045,p64,169,10353.0,2012
2045,p64,170,7053.0,2012
2045,p64,171,8741.0,2012
2045,p64,172,7415.0,2012
2045,p64,173,10386.0,2012
2045,p64,174,7451.0,2012
2045,p64,175,10436.0,2012
2045,p64,176,8225.0,2012
2045,p64,177,10949.0,2012
2045,p64,178,8566.0,2012
2045,p64,179,9809.0,2012
2045,p64,180,7235.0,2012
2045,p64,181,8654.0,2012
2045,p64,182,8099.0,2012
2045,p64,183,8699.0,2012
2045,p64,184,8271.0,2012
2045,p64,185,6955.0,2012
2045,p64,186,8584.0,2012
2045,p64,187,7410.0,2012
2045,p64,188,10356.0,2012
2045,p64,189,7288.0,2012
2045,p64,190,9577.0,2012
2045,p64,191,7168.0,2012
2045,p64,192,9102.0,2012
2045,p64,193,6632.0,2012
2045,p64,194,9782.0,2012
2045,p64,195,8136.0,2012
2045,p64,196,10109.0,2012
2045,p64,197,7922.0,2012
2045,p64,198,7728.0,2012
2045,p64,199,8566.0,2012
2045,p64,200,7959.0,2012
2045,p64,201,8301.0,2012
2045,p64,202,8161.0,2012
2045,p64,203,7802.0,2012
2045,p64,204,7271.0,2012
2045,p64,205,8430.0,2012
2045,p64,206,7153.0,2012
2045,p64,207,8391.0,2012
2045,p64,208,7246.0,2012
2045,p64,209,8226.0,2012
2045,p64,210,7777.0,2012
2045,p64,211,8258.0,2012
2045,p64,212,7200.0,2012
2045,p64,213,8582.0,2012
2045,p64,214,7358.0,2012
2045,p64,215,7930.0,2012
2045,p64,216,7355.0,2012
2045,p64,217,7987.0,2012
2045,p64,218,8385.0,2012
2045,p64,219,8593.0,2012
2045,p64,220,8128.0,2012
2045,p64,221,7426.0,2012
2045,p64,222,8734.0,2012
2045,p64,223,7269.0,2012
2045,p64,224,8388.0,2012
2045,p64,225,6939.0,2012
2045,p64,226,8060.0,2012
2045,p64,227,9409.0,2012
2045,p64,228,8445.0,2012
2045,p64,229,7542.0,2012
2045,p64,230,8148.0,2012
2045,p64,231,7515.0,2012
2045,p64,232,8972.0,2012
2045,p64,233,8439.0,2012
2045,p64,234,9289.0,2012
2045,p64,235,7060.0,2012
2045,p64,236,8764.0,2012
2045,p64,237,11237.0,2012
2045,p64,238,9312.0,2012
2045,p64,239,10097.0,2012
2045,p64,240,8566.0,2012
2045,p65,1,10397.0,2012
2045,p65,2,13033.0,2012
2045,p65,3,12285.0,2012
2045,p65,4,12236.0,2012
2045,p65,5,10096.0,2012
2045,p65,6,11691.0,2012
2045,p65,7,11905.0,2012
2045,p65,8,12420.0,2012
2045,p65,9,15197.0,2012
2045,p65,10,12015.0,2012
2045,p65,11,10964.0,2012
2045,p65,12,13689.0,2012
2045,p65,13,12837.0,2012
2045,p65,14,12723.0,2012
2045,p65,15,11271.0,2012
2045,p65,16,12325.0,2012
2045,p65,17,12703.0,2012
2045,p65,18,11873.0,2012
2045,p65,19,12175.0,2012
2045,p65,20,11056.0,2012
2045,p65,21,12129.0,2012
2045,p65,22,10403.0,2012
2045,p65,23,12594.0,2012
2045,p65,24,11013.0,2012
2045,p65,25,12833.0,2012
2045,p65,26,11578.0,2012
2045,p65,27,12778.0,2012
2045,p65,28,13480.0,2012
2045,p65,29,14765.0,2012
2045,p65,30,13431.0,2012
2045,p65,31,12841.0,2012
2045,p65,32,12508.0,2012
2045,p65,33,12356.0,2012
2045,p65,34,12787.0,2012
2045,p65,35,11696.0,2012
2045,p65,36,12157.0,2012
2045,p65,37,12048.0,2012
2045,p65,38,11264.0,2012
2045,p65,39,10131.0,2012
2045,p65,40,12540.0,2012
2045,p65,41,10545.0,2012
2045,p65,42,10864.0,2012
2045,p65,43,10438.0,2012
2045,p65,44,12017.0,2012
2045,p65,45,10287.0,2012
2045,p65,46,13714.0,2012
2045,p65,47,10344.0,2012
2045,p65,48,12791.0,2012
2045,p65,49,11139.0,2012
2045,p65,50,13079.0,2012
2045,p65,51,10515.0,2012
2045,p65,52,11886.0,2012
2045,p65,53,11808.0,2012
2045,p65,54,11179.0,2012
2045,p65,55,12192.0,2012
2045,p65,56,9998.0,2012
2045,p65,57,13502.0,2012
2045,p65,58,10370.0,2012
2045,p65,59,13278.0,2012
2045,p65,60,10136.0,2012
2045,p65,61,14093.0,2012
2045,p65,62,10985.0,2012
2045,p65,63,13823.0,2012
2045,p65,64,10676.0,2012
2045,p65,65,12960.0,2012
2045,p65,66,11181.0,2012
2045,p65,67,14275.0,2012
2045,p65,68,11672.0,2012
2045,p65,69,13905.0,2012
2045,p65,70,11466.0,2012
2045,p65,71,12262.0,2012
2045,p65,72,12115.0,2012
2045,p65,73,11263.0,2012
2045,p65,74,11144.0,2012
2045,p65,75,10092.0,2012
2045,p65,76,13534.0,2012
2045,p65,77,11272.0,2012
2045,p65,78,15366.0,2012
2045,p65,79,10480.0,2012
2045,p65,80,15498.0,2012
2045,p65,81,11159.0,2012
2045,p65,82,16227.0,2012
2045,p65,83,10728.0,2012
2045,p65,84,14611.0,2012
2045,p65,85,11672.0,2012
2045,p65,86,14126.0,2012
2045,p65,87,11712.0,2012
2045,p65,88,12258.0,2012
2045,p65,89,12390.0,2012
2045,p65,90,11901.0,2012
2045,p65,91,13338.0,2012
2045,p65,92,12326.0,2012
2045,p65,93,13995.0,2012
2045,p65,94,11857.0,2012
2045,p65,95,16208.0,2012
2045,p65,96,12380.0,2012
2045,p65,97,15691.0,2012
2045,p65,98,11733.0,2012
2045,p65,99,17828.0,2012
2045,p65,100,11848.0,2012
2045,p65,101,16275.0,2012
2045,p65,102,11079.0,2012
2045,p65,103,17233.0,2012
2045,p65,104,13047.0,2012
2045,p65,105,14695.0,2012
2045,p65,106,12078.0,2012
2045,p65,107,14946.0,2012
2045,p65,108,14508.0,2012
2045,p65,109,14216.0,2012
2045,p65,110,15958.0,2012
2045,p65,111,12706.0,2012
2045,p65,112,16684.0,2012
2045,p65,113,12178.0,2012
2045,p65,114,16961.0,2012
2045,p65,115,11834.0,2012
2045,p65,116,17653.0,2012
2045,p65,117,12956.0,2012
2045,p65,118,19439.0,2012
2045,p65,119,13040.0,2012
2045,p65,120,15817.0,2012
2045,p65,121,12872.0,2012
2045,p65,122,16832.0,2012
2045,p65,123,13384.0,2012
2045,p65,124,16927.0,2012
2045,p65,125,12376.0,2012
2045,p65,126,15018.0,2012
2045,p65,127,14322.0,2012
2045,p65,128,14065.0,2012
2045,p65,129,15146.0,2012
2045,p65,130,11798.0,2012
2045,p65,131,16904.0,2012
2045,p65,132,12832.0,2012
2045,p65,133,18906.0,2012
2045,p65,134,12551.0,2012
2045,p65,135,18195.0,2012
2045,p65,136,12953.0,2012
2045,p65,137,18401.0,2012
2045,p65,138,11943.0,2012
2045,p65,139,17966.0,2012
2045,p65,140,13438.0,2012
2045,p65,141,18648.0,2012
2045,p65,142,14105.0,2012
2045,p65,143,16613.0,2012
2045,p65,144,15394.0,2012
2045,p65,145,16501.0,2012
2045,p65,146,16470.0,2012
2045,p65,147,14169.0,2012
2045,p65,148,16064.0,2012
2045,p65,149,13930.0,2012
2045,p65,150,17721.0,2012
2045,p65,151,13319.0,2012
2045,p65,152,15498.0,2012
2045,p65,153,11994.0,2012
2045,p65,154,15963.0,2012
2045,p65,155,11955.0,2012
2045,p65,156,17179.0,2012
2045,p65,157,11572.0,2012
2045,p65,158,17596.0,2012
2045,p65,159,12997.0,2012
2045,p65,160,17383.0,2012
2045,p65,161,13306.0,2012
2045,p65,162,15952.0,2012
2045,p65,163,15184.0,2012
2045,p65,164,15188.0,2012
2045,p65,165,16407.0,2012
2045,p65,166,11691.0,2012
2045,p65,167,15571.0,2012
2045,p65,168,12245.0,2012
2045,p65,169,15282.0,2012
2045,p65,170,10412.0,2012
2045,p65,171,12903.0,2012
2045,p65,172,10945.0,2012
2045,p65,173,15331.0,2012
2045,p65,174,11000.0,2012
2045,p65,175,15406.0,2012
2045,p65,176,12141.0,2012
2045,p65,177,16163.0,2012
2045,p65,178,12643.0,2012
2045,p65,179,14480.0,2012
2045,p65,180,10680.0,2012
2045,p65,181,12775.0,2012
2045,p65,182,11957.0,2012
2045,p65,183,12841.0,2012
2045,p65,184,12211.0,2012
2045,p65,185,10268.0,2012
2045,p65,186,12671.0,2012
2045,p65,187,10938.0,2012
2045,p65,188,15287.0,2012
2045,p65,189,10758.0,2012
2045,p65,190,14138.0,2012
2045,p65,191,10581.0,2012
2045,p65,192,13435.0,2012
2045,p65,193,9789.0,2012
2045,p65,194,14439.0,2012
2045,p65,195,12010.0,2012
2045,p65,196,14923.0,2012
2045,p65,197,11695.0,2012
2045,p65,198,11407.0,2012
2045,p65,199,12644.0,2012
2045,p65,200,11749.0,2012
2045,p65,201,12254.0,2012
2045,p65,202,12047.0,2012
2045,p65,203,11517.0,2012
2045,p65,204,10732.0,2012
2045,p65,205,12443.0,2012
2045,p65,206,10559.0,2012
2045,p65,207,12386.0,2012
2045,p65,208,10695.0,2012
2045,p65,209,12143.0,2012
2045,p65,210,11480.0,2012
2045,p65,211,12190.0,2012
2045,p65,212,10626.0,2012
2045,p65,213,12669.0,2012
2045,p65,214,10861.0,2012
2045,p65,215,11706.0,2012
2045,p65,216,10856.0,2012
2045,p65,217,11791.0,2012
2045,p65,218,12378.0,2012
2045,p65,219,12685.0,2012
2045,p65,220,11999.0,2012
2045,p65,221,10963.0,2012
2045,p65,222,12893.0,2012
2045,p65,223,10730.0,2012
2045,p65,224,12380.0,2012
2045,p65,225,10243.0,2012
2045,p65,226,11899.0,2012
2045,p65,227,13889.0,2012
2045,p65,228,12465.0,2012
2045,p65,229,11132.0,2012
2045,p65,230,12027.0,2012
2045,p65,231,11094.0,2012
2045,p65,232,13243.0,2012
2045,p65,233,12458.0,2012
2045,p65,234,13711.0,2012
2045,p65,235,10422.0,2012
2045,p65,236,12938.0,2012
2045,p65,237,16587.0,2012
2045,p65,238,13746.0,2012
2045,p65,239,14904.0,2012
2045,p65,240,12646.0,2012
2045,p67,1,15009.0,2012
2045,p67,2,18814.0,2012
2045,p67,3,17735.0,2012
2045,p67,4,17663.0,2012
2045,p67,5,14574.0,2012
2045,p67,6,16876.0,2012
2045,p67,7,17186.0,2012
2045,p67,8,17930.0,2012
2045,p67,9,21938.0,2012
2045,p67,10,17344.0,2012
2045,p67,11,15827.0,2012
2045,p67,12,19762.0,2012
2045,p67,13,18533.0,2012
2045,p67,14,18367.0,2012
2045,p67,15,16271.0,2012
2045,p67,16,17791.0,2012
2045,p67,17,18337.0,2012
2045,p67,18,17139.0,2012
2045,p67,19,17575.0,2012
2045,p67,20,15960.0,2012
2045,p67,21,17509.0,2012
2045,p67,22,15016.0,2012
2045,p67,23,18182.0,2012
2045,p67,24,15897.0,2012
2045,p67,25,18526.0,2012
2045,p67,26,16714.0,2012
2045,p67,27,18447.0,2012
2045,p67,28,19459.0,2012
2045,p67,29,21313.0,2012
2045,p67,30,19388.0,2012
2045,p67,31,18536.0,2012
2045,p67,32,18057.0,2012
2045,p67,33,17836.0,2012
2045,p67,34,18460.0,2012
2045,p67,35,16885.0,2012
2045,p67,36,17550.0,2012
2045,p67,37,17391.0,2012
2045,p67,38,16260.0,2012
2045,p67,39,14625.0,2012
2045,p67,40,18102.0,2012
2045,p67,41,15223.0,2012
2045,p67,42,15683.0,2012
2045,p67,43,15069.0,2012
2045,p67,44,17349.0,2012
2045,p67,45,14849.0,2012
2045,p67,46,19799.0,2012
2045,p67,47,14932.0,2012
2045,p67,48,18465.0,2012
2045,p67,49,16079.0,2012
2045,p67,50,18880.0,2012
2045,p67,51,15178.0,2012
2045,p67,52,17159.0,2012
2045,p67,53,17047.0,2012
2045,p67,54,16137.0,2012
2045,p67,55,17600.0,2012
2045,p67,56,14434.0,2012
2045,p67,57,19491.0,2012
2045,p67,58,14971.0,2012
2045,p67,59,19168.0,2012
2045,p67,60,14632.0,2012
2045,p67,61,20345.0,2012
2045,p67,62,15857.0,2012
2045,p67,63,19953.0,2012
2045,p67,64,15412.0,2012
2045,p67,65,18710.0,2012
2045,p67,66,16140.0,2012
2045,p67,67,20608.0,2012
2045,p67,68,16849.0,2012
2045,p67,69,20074.0,2012
2045,p67,70,16552.0,2012
2045,p67,71,17701.0,2012
2045,p67,72,17489.0,2012
2045,p67,73,16257.0,2012
2045,p67,74,16087.0,2012
2045,p67,75,14570.0,2012
2045,p67,76,19537.0,2012
2045,p67,77,16272.0,2012
2045,p67,78,22182.0,2012
2045,p67,79,15129.0,2012
2045,p67,80,22373.0,2012
2045,p67,81,16109.0,2012
2045,p67,82,23425.0,2012
2045,p67,83,15487.0,2012
2045,p67,84,21092.0,2012
2045,p67,85,16849.0,2012
2045,p67,86,20393.0,2012
2045,p67,87,16907.0,2012
2045,p67,88,17696.0,2012
2045,p67,89,17887.0,2012
2045,p67,90,17181.0,2012
2045,p67,91,19254.0,2012
2045,p67,92,17792.0,2012
2045,p67,93,20203.0,2012
2045,p67,94,17116.0,2012
2045,p67,95,23398.0,2012
2045,p67,96,17871.0,2012
2045,p67,97,22651.0,2012
2045,p67,98,16937.0,2012
2045,p67,99,25738.0,2012
2045,p67,100,17103.0,2012
2045,p67,101,23494.0,2012
2045,p67,102,15992.0,2012
2045,p67,103,24876.0,2012
2045,p67,104,18834.0,2012
2045,p67,105,21213.0,2012
2045,p67,106,17435.0,2012
2045,p67,107,21576.0,2012
2045,p67,108,20943.0,2012
2045,p67,109,20522.0,2012
2045,p67,110,23037.0,2012
2045,p67,111,18342.0,2012
2045,p67,112,24085.0,2012
2045,p67,113,17580.0,2012
2045,p67,114,24485.0,2012
2045,p67,115,17083.0,2012
2045,p67,116,25484.0,2012
2045,p67,117,18702.0,2012
2045,p67,118,28062.0,2012
2045,p67,119,18824.0,2012
2045,p67,120,22833.0,2012
2045,p67,121,18583.0,2012
2045,p67,122,24297.0,2012
2045,p67,123,19320.0,2012
2045,p67,124,24436.0,2012
2045,p67,125,17865.0,2012
2045,p67,126,21680.0,2012
2045,p67,127,20674.0,2012
2045,p67,128,20304.0,2012
2045,p67,129,21864.0,2012
2045,p67,130,17031.0,2012
2045,p67,131,24401.0,2012
2045,p67,132,18523.0,2012
2045,p67,133,27293.0,2012
2045,p67,134,18118.0,2012
2045,p67,135,26267.0,2012
2045,p67,136,18699.0,2012
2045,p67,137,26562.0,2012
2045,p67,138,17240.0,2012
2045,p67,139,25935.0,2012
2045,p67,140,19399.0,2012
2045,p67,141,26921.0,2012
2045,p67,142,20361.0,2012
2045,p67,143,23982.0,2012
2045,p67,144,22224.0,2012
2045,p67,145,23821.0,2012
2045,p67,146,23776.0,2012
2045,p67,147,20455.0,2012
2045,p67,148,23189.0,2012
2045,p67,149,20108.0,2012
2045,p67,150,25582.0,2012
2045,p67,151,19227.0,2012
2045,p67,152,22372.0,2012
2045,p67,153,17315.0,2012
2045,p67,154,23043.0,2012
2045,p67,155,17257.0,2012
2045,p67,156,24800.0,2012
2045,p67,157,16705.0,2012
2045,p67,158,25402.0,2012
2045,p67,159,18761.0,2012
2045,p67,160,25093.0,2012
2045,p67,161,19208.0,2012
2045,p67,162,23029.0,2012
2045,p67,163,21918.0,2012
2045,p67,164,21925.0,2012
2045,p67,165,23686.0,2012
2045,p67,166,16876.0,2012
2045,p67,167,22477.0,2012
2045,p67,168,17676.0,2012
2045,p67,169,22062.0,2012
2045,p67,170,15031.0,2012
2045,p67,171,18626.0,2012
2045,p67,172,15801.0,2012
2045,p67,173,22132.0,2012
2045,p67,174,15879.0,2012
2045,p67,175,22239.0,2012
2045,p67,176,17527.0,2012
2045,p67,177,23332.0,2012
2045,p67,178,18252.0,2012
2045,p67,179,20903.0,2012
2045,p67,180,15417.0,2012
2045,p67,181,18441.0,2012
2045,p67,182,17261.0,2012
2045,p67,183,18538.0,2012
2045,p67,184,17626.0,2012
2045,p67,185,14823.0,2012
2045,p67,186,18292.0,2012
2045,p67,187,15790.0,2012
2045,p67,188,22068.0,2012
2045,p67,189,15529.0,2012
2045,p67,190,20409.0,2012
2045,p67,191,15274.0,2012
2045,p67,192,19395.0,2012
2045,p67,193,14131.0,2012
2045,p67,194,20845.0,2012
2045,p67,195,17337.0,2012
2045,p67,196,21543.0,2012
2045,p67,197,16883.0,2012
2045,p67,198,16466.0,2012
2045,p67,199,18253.0,2012
2045,p67,200,16961.0,2012
2045,p67,201,17690.0,2012
2045,p67,202,17390.0,2012
2045,p67,203,16627.0,2012
2045,p67,204,15493.0,2012
2045,p67,205,17962.0,2012
2045,p67,206,15243.0,2012
2045,p67,207,17881.0,2012
2045,p67,208,15439.0,2012
2045,p67,209,17529.0,2012
2045,p67,210,16572.0,2012
2045,p67,211,17598.0,2012
2045,p67,212,15341.0,2012
2045,p67,213,18289.0,2012
2045,p67,214,15679.0,2012
2045,p67,215,16898.0,2012
2045,p67,216,15671.0,2012
2045,p67,217,17022.0,2012
2045,p67,218,17868.0,2012
2045,p67,219,18311.0,2012
2045,p67,220,17322.0,2012
2045,p67,221,15826.0,2012
2045,p67,222,18612.0,2012
2045,p67,223,15489.0,2012
2045,p67,224,17873.0,2012
2045,p67,225,14786.0,2012
2045,p67,226,17176.0,2012
2045,p67,227,20050.0,2012
2045,p67,228,17995.0,2012
2045,p67,229,16070.0,2012
2045,p67,230,17361.0,2012
2045,p67,231,16016.0,2012
2045,p67,232,19118.0,2012
2045,p67,233,17985.0,2012
2045,p67,234,19793.0,2012
2045,p67,235,15044.0,2012
2045,p67,236,18676.0,2012
2045,p67,237,23946.0,2012
2045,p67,238,19843.0,2012
2045,p67,239,21517.0,2012
2045,p67,240,18255.0,2012
