region,year,weather_year,time_index,load_mw
p10,2030,2012,1,19172.0
p10,2030,2012,2,18477.0
p10,2030,2012,3,17439.0
p10,2030,2012,4,16857.0
p10,2030,2012,5,16363.0
p10,2030,2012,6,15818.0
p10,2030,2012,7,15459.0
p10,2030,2012,8,15492.0
p10,2030,2012,9,15699.0
p10,2030,2012,10,15983.0
p10,2030,2012,11,16156.0
p10,2030,2012,12,16946.0
p10,2030,2012,13,17499.0
p10,2030,2012,14,17782.0
p10,2030,2012,15,17488.0
p10,2030,2012,16,17031.0
p10,2030,2012,17,16844.0
p10,2030,2012,18,16495.0
p10,2030,2012,19,16446.0
p10,2030,2012,20,16965.0
p10,2030,2012,21,18976.0
p10,2030,2012,22,19302.0
p10,2030,2012,23,19137.0
p10,2030,2012,24,18752.0
p10,2030,2012,25,18202.0
p10,2030,2012,26,17336.0
p10,2030,2012,27,16484.0
p10,2030,2012,28,16489.0
p10,2030,2012,29,16323.0
p10,2030,2012,30,16019.0
p10,2030,2012,31,15623.0
p10,2030,2012,32,15945.0
p10,2030,2012,33,16616.0
p10,2030,2012,34,17360.0
p10,2030,2012,35,17942.0
p10,2030,2012,36,18574.0
p10,2030,2012,37,19013.0
p10,2030,2012,38,19665.0
p10,2030,2012,39,19647.0
p10,2030,2012,40,19140.0
p10,2030,2012,41,18708.0
p10,2030,2012,42,18569.0
p10,2030,2012,43,18512.0
p10,2030,2012,44,19006.0
p10,2030,2012,45,20789.0
p10,2030,2012,46,21319.0
p10,2030,2012,47,21092.0
p10,2030,2012,48,20575.0
p10,2030,2012,49,19718.0
p10,2030,2012,50,18440.0
p10,2030,2012,51,17173.0
p10,2030,2012,52,16344.0
p10,2030,2012,53,16093.0
p10,2030,2012,54,15794.0
p10,2030,2012,55,15559.0
p10,2030,2012,56,15993.0
p10,2030,2012,57,17116.0
p10,2030,2012,58,18628.0
p10,2030,2012,59,19503.0
p10,2030,2012,60,19880.0
p10,2030,2012,61,20224.0
p10,2030,2012,62,20673.0
p10,2030,2012,63,20638.0
p10,2030,2012,64,20160.0
p10,2030,2012,65,19998.0
p10,2030,2012,66,19744.0
p10,2030,2012,67,19405.0
p10,2030,2012,68,19669.0
p10,2030,2012,69,21265.0
p10,2030,2012,70,21664.0
p10,2030,2012,71,21376.0
p10,2030,2012,72,20793.0
p10,2030,2012,73,19912.0
p10,2030,2012,74,18680.0
p10,2030,2012,75,17436.0
p10,2030,2012,76,16840.0
p10,2030,2012,77,16601.0
p10,2030,2012,78,16289.0
p10,2030,2012,79,16029.0
p10,2030,2012,80,16436.0
p10,2030,2012,81,17477.0
p10,2030,2012,82,19079.0
p10,2030,2012,83,19854.0
p10,2030,2012,84,20120.0
p10,2030,2012,85,20421.0
p10,2030,2012,86,20824.0
p10,2030,2012,87,20733.0
p10,2030,2012,88,20239.0
p10,2030,2012,89,20080.0
p10,2030,2012,90,19809.0
p10,2030,2012,91,19701.0
p10,2030,2012,92,19935.0
p10,2030,2012,93,21425.0
p10,2030,2012,94,21728.0
p10,2030,2012,95,21372.0
p10,2030,2012,96,20773.0
p10,2030,2012,97,19785.0
p10,2030,2012,98,18497.0
p10,2030,2012,99,17297.0
p10,2030,2012,100,16686.0
p10,2030,2012,101,16375.0
p10,2030,2012,102,16065.0
p10,2030,2012,103,15746.0
p10,2030,2012,104,16183.0
p10,2030,2012,105,17151.0
p10,2030,2012,106,18835.0
p10,2030,2012,107,19554.0
p10,2030,2012,108,19926.0
p10,2030,2012,109,20253.0
p10,2030,2012,110,20645.0
p10,2030,2012,111,20646.0
p10,2030,2012,112,20268.0
p10,2030,2012,113,20079.0
p10,2030,2012,114,19834.0
p10,2030,2012,115,19663.0
p10,2030,2012,116,19768.0
p10,2030,2012,117,21244.0
p10,2030,2012,118,21580.0
p10,2030,2012,119,21214.0
p10,2030,2012,120,20615.0
p10,2030,2012,121,19803.0
p10,2030,2012,122,18587.0
p10,2030,2012,123,17396.0
p10,2030,2012,124,17040.0
p10,2030,2012,125,16840.0
p10,2030,2012,126,16484.0
p10,2030,2012,127,16156.0
p10,2030,2012,128,16633.0
p10,2030,2012,129,17618.0
p10,2030,2012,130,19284.0
p10,2030,2012,131,20079.0
p10,2030,2012,132,20507.0
p10,2030,2012,133,20779.0
p10,2030,2012,134,21131.0
p10,2030,2012,135,20967.0
p10,2030,2012,136,20391.0
p10,2030,2012,137,20018.0
p10,2030,2012,138,19701.0
p10,2030,2012,139,19461.0
p10,2030,2012,140,19654.0
p10,2030,2012,141,21204.0
p10,2030,2012,142,21499.0
p10,2030,2012,143,21101.0
p10,2030,2012,144,20670.0
p10,2030,2012,145,19955.0
p10,2030,2012,146,18894.0
p10,2030,2012,147,17913.0
p10,2030,2012,148,16727.0
p10,2030,2012,149,16283.0
p10,2030,2012,150,15987.0
p10,2030,2012,151,15689.0
p10,2030,2012,152,15756.0
p10,2030,2012,153,16160.0
p10,2030,2012,154,16755.0
p10,2030,2012,155,17446.0
p10,2030,2012,156,18084.0
p10,2030,2012,157,18729.0
p10,2030,2012,158,18714.0
p10,2030,2012,159,18473.0
p10,2030,2012,160,18109.0
p10,2030,2012,161,17733.0
p10,2030,2012,162,17206.0
p10,2030,2012,163,17032.0
p10,2030,2012,164,17449.0
p10,2030,2012,165,19264.0
p10,2030,2012,166,19564.0
p10,2030,2012,167,19339.0
p10,2030,2012,168,18958.0
p10,2030,2012,169,18466.0
p10,2030,2012,170,17579.0
p10,2030,2012,171,16857.0
p10,2030,2012,172,16382.0
p10,2030,2012,173,15993.0
p10,2030,2012,174,15668.0
p10,2030,2012,175,15409.0
p10,2030,2012,176,15478.0
p10,2030,2012,177,15809.0
p10,2030,2012,178,16455.0
p10,2030,2012,179,16781.0
p10,2030,2012,180,17540.0
p10,2030,2012,181,17965.0
p10,2030,2012,182,18092.0
p10,2030,2012,183,17833.0
p10,2030,2012,184,17429.0
p10,2030,2012,185,17099.0
p10,2030,2012,186,16673.0
p10,2030,2012,187,16639.0
p10,2030,2012,188,17138.0
p10,2030,2012,189,19102.0
p10,2030,2012,190,19602.0
p10,2030,2012,191,19440.0
p10,2030,2012,192,18967.0
p10,2030,2012,193,18364.0
p10,2030,2012,194,17333.0
p10,2030,2012,195,16589.0
p10,2030,2012,196,16774.0
p10,2030,2012,197,16714.0
p10,2030,2012,198,16496.0
p10,2030,2012,199,16260.0
p10,2030,2012,200,16777.0
p10,2030,2012,201,18011.0
p10,2030,2012,202,20008.0
p10,2030,2012,203,20912.0
p10,2030,2012,204,21276.0
p10,2030,2012,205,21378.0
p10,2030,2012,206,21531.0
p10,2030,2012,207,21191.0
p10,2030,2012,208,20555.0
p10,2030,2012,209,20181.0
p10,2030,2012,210,19877.0
p10,2030,2012,211,19571.0
p10,2030,2012,212,19873.0
p10,2030,2012,213,21560.0
p10,2030,2012,214,21962.0
p10,2030,2012,215,21719.0
p10,2030,2012,216,21119.0
p10,2030,2012,217,20193.0
p10,2030,2012,218,18968.0
p10,2030,2012,219,17837.0
p10,2030,2012,220,17146.0
p10,2030,2012,221,16920.0
p10,2030,2012,222,16737.0
p10,2030,2012,223,16510.0
p10,2030,2012,224,17035.0
p10,2030,2012,225,18292.0
p10,2030,2012,226,20193.0
p10,2030,2012,227,21290.0
p10,2030,2012,228,21324.0
p10,2030,2012,229,21263.0
p10,2030,2012,230,21330.0
p10,2030,2012,231,21047.0
p10,2030,2012,232,20337.0
p10,2030,2012,233,19834.0
p10,2030,2012,234,19476.0
p10,2030,2012,235,19321.0
p10,2030,2012,236,19517.0
p10,2030,2012,237,21206.0
p10,2030,2012,238,21704.0
p10,2030,2012,239,21457.0
p10,2030,2012,240,20906.0
p10,2045,2012,1,29656.0
p10,2045,2012,2,28913.0
p10,2045,2012,3,27811.0
p10,2045,2012,4,27250.0
p10,2045,2012,5,27156.0
p10,2045,2012,6,26249.0
p10,2045,2012,7,25075.0
p10,2045,2012,8,25167.0
p10,2045,2012,9,25442.0
p10,2045,2012,10,25608.0
p10,2045,2012,11,25619.0
p10,2045,2012,12,27111.0
p10,2045,2012,13,28336.0
p10,2045,2012,14,28973.0
p10,2045,2012,15,28420.0
p10,2045,2012,16,27540.0
p10,2045,2012,17,27146.0
p10,2045,2012,18,26487.0
p10,2045,2012,19,26314.0
p10,2045,2012,20,26970.0
p10,2045,2012,21,29296.0
p10,2045,2012,22,29802.0
p10,2045,2012,23,29649.0
p10,2045,2012,24,29055.0
p10,2045,2012,25,28376.0
p10,2045,2012,26,27364.0
p10,2045,2012,27,26585.0
p10,2045,2012,28,28787.0
p10,2045,2012,29,29494.0
p10,2045,2012,30,28740.0
p10,2045,2012,31,26793.0
p10,2045,2012,32,27230.0
p10,2045,2012,33,28070.0
p10,2045,2012,34,28541.0
p10,2045,2012,35,28832.0
p10,2045,2012,36,29851.0
p10,2045,2012,37,31169.0
p10,2045,2012,38,32805.0
p10,2045,2012,39,33059.0
p10,2045,2012,40,32084.0
p10,2045,2012,41,31266.0
p10,2045,2012,42,30900.0
p10,2045,2012,43,30882.0
p10,2045,2012,44,31550.0
p10,2045,2012,45,33603.0
p10,2045,2012,46,34634.0
p10,2045,2012,47,34521.0
p10,2045,2012,48,33631.0
p10,2045,2012,49,32384.0
p10,2045,2012,50,30680.0
p10,2045,2012,51,29023.0
p10,2045,2012,52,27807.0
p10,2045,2012,53,28206.0
p10,2045,2012,54,27532.0
p10,2045,2012,55,26071.0
p10,2045,2012,56,26614.0
p10,2045,2012,57,27944.0
p10,2045,2012,58,29211.0
p10,2045,2012,59,29732.0
p10,2045,2012,60,30302.0
p10,2045,2012,61,31421.0
p10,2045,2012,62,32651.0
p10,2045,2012,63,32824.0
p10,2045,2012,64,31938.0
p10,2045,2012,65,31558.0
p10,2045,2012,66,31043.0
p10,2045,2012,67,30687.0
p10,2045,2012,68,31088.0
p10,2045,2012,69,32930.0
p10,2045,2012,70,33859.0
p10,2045,2012,71,33733.0
p10,2045,2012,72,32889.0
p10,2045,2012,73,31727.0
p10,2045,2012,74,30228.0
p10,2045,2012,75,28682.0
p10,2045,2012,76,28293.0
p10,2045,2012,77,28780.0
p10,2045,2012,78,28107.0
p10,2045,2012,79,26600.0
p10,2045,2012,80,27117.0
p10,2045,2012,81,28270.0
p10,2045,2012,82,29789.0
p10,2045,2012,83,30094.0
p10,2045,2012,84,30495.0
p10,2045,2012,85,31650.0
p10,2045,2012,86,32785.0
p10,2045,2012,87,32796.0
p10,2045,2012,88,31809.0
p10,2045,2012,89,31416.0
p10,2045,2012,90,30889.0
p10,2045,2012,91,30785.0
p10,2045,2012,92,31170.0
p10,2045,2012,93,32946.0
p10,2045,2012,94,33781.0
p10,2045,2012,95,33590.0
p10,2045,2012,96,32740.0
p10,2045,2012,97,31411.0
p10,2045,2012,98,29824.0
p10,2045,2012,99,28305.0
p10,2045,2012,100,27905.0
p10,2045,2012,101,28277.0
p10,2045,2012,102,27598.0
p10,2045,2012,103,26007.0
p10,2045,2012,104,26521.0
p10,2045,2012,105,27563.0
p10,2045,2012,106,29220.0
p10,2045,2012,107,29585.0
p10,2045,2012,108,30136.0
p10,2045,2012,109,31248.0
p10,2045,2012,110,32474.0
p10,2045,2012,111,32552.0
p10,2045,2012,112,31794.0
p10,2045,2012,113,31359.0
p10,2045,2012,114,30872.0
p10,2045,2012,115,30725.0
p10,2045,2012,116,30976.0
p10,2045,2012,117,32740.0
p10,2045,2012,118,33631.0
p10,2045,2012,119,33420.0
p10,2045,2012,120,32545.0
p10,2045,2012,121,31394.0
p10,2045,2012,122,29950.0
p10,2045,2012,123,28550.0
p10,2045,2012,124,29162.0
p10,2045,2012,125,29870.0
p10,2045,2012,126,29096.0
p10,2045,2012,127,27203.0
p10,2045,2012,128,27838.0
p10,2045,2012,129,28844.0
p10,2045,2012,130,30547.0
p10,2045,2012,131,30913.0
p10,2045,2012,132,31721.0
p10,2045,2012,133,33042.0
p10,2045,2012,134,34363.0
p10,2045,2012,135,34390.0
p10,2045,2012,136,33355.0
p10,2045,2012,137,32682.0
p10,2045,2012,138,32099.0
p10,2045,2012,139,31872.0
p10,2045,2012,140,32252.0
p10,2045,2012,141,34068.0
p10,2045,2012,142,34876.0
p10,2045,2012,143,34563.0
p10,2045,2012,144,33787.0
p10,2045,2012,145,32702.0
p10,2045,2012,146,31280.0
p10,2045,2012,147,29869.0
p10,2045,2012,148,26976.0
p10,2045,2012,149,26971.0
p10,2045,2012,150,26500.0
p10,2045,2012,151,25274.0
p10,2045,2012,152,25306.0
p10,2045,2012,153,25712.0
p10,2045,2012,154,26118.0
p10,2045,2012,155,26973.0
p10,2045,2012,156,28067.0
p10,2045,2012,157,29307.0
p10,2045,2012,158,29594.0
p10,2045,2012,159,29241.0
p10,2045,2012,160,28710.0
p10,2045,2012,161,28108.0
p10,2045,2012,162,27214.0
p10,2045,2012,163,26888.0
p10,2045,2012,164,27445.0
p10,2045,2012,165,29576.0
p10,2045,2012,166,30065.0
p10,2045,2012,167,29856.0
p10,2045,2012,168,29242.0
p10,2045,2012,169,28601.0
p10,2045,2012,170,27514.0
p10,2045,2012,171,26763.0
p10,2045,2012,172,26538.0
p10,2045,2012,173,26525.0
p10,2045,2012,174,25967.0
p10,2045,2012,175,24814.0
p10,2045,2012,176,24895.0
p10,2045,2012,177,25283.0
p10,2045,2012,178,25914.0
p10,2045,2012,179,26170.0
p10,2045,2012,180,27494.0
p10,2045,2012,181,28545.0
p10,2045,2012,182,28991.0
p10,2045,2012,183,28611.0
p10,2045,2012,184,27906.0
p10,2045,2012,185,27267.0
p10,2045,2012,186,26554.0
p10,2045,2012,187,26420.0
p10,2045,2012,188,27100.0
p10,2045,2012,189,29392.0
p10,2045,2012,190,30084.0
p10,2045,2012,191,29914.0
p10,2045,2012,192,29229.0
p10,2045,2012,193,28539.0
p10,2045,2012,194,27337.0
p10,2045,2012,195,26790.0
p10,2045,2012,196,29158.0
p10,2045,2012,197,29956.0
p10,2045,2012,198,29288.0
p10,2045,2012,199,27554.0
p10,2045,2012,200,28185.0
p10,2045,2012,201,29545.0
p10,2045,2012,202,31435.0
p10,2045,2012,203,31872.0
p10,2045,2012,204,32760.0
p10,2045,2012,205,33858.0
p10,2045,2012,206,34875.0
p10,2045,2012,207,34627.0
p10,2045,2012,208,33484.0
p10,2045,2012,209,32759.0
p10,2045,2012,210,32193.0
p10,2045,2012,211,31904.0
p10,2045,2012,212,32412.0
p10,2045,2012,213,34392.0
p10,2045,2012,214,35316.0
p10,2045,2012,215,35163.0
p10,2045,2012,216,34204.0
p10,2045,2012,217,32875.0
p10,2045,2012,218,31353.0
p10,2045,2012,219,29949.0
p10,2045,2012,220,28886.0
p10,2045,2012,221,29383.0
p10,2045,2012,222,28945.0
p10,2045,2012,223,27513.0
p10,2045,2012,224,28234.0
p10,2045,2012,225,29646.0
p10,2045,2012,226,31389.0
p10,2045,2012,227,32223.0
p10,2045,2012,228,32479.0
p10,2045,2012,229,33178.0
p10,2045,2012,230,33904.0
p10,2045,2012,231,33633.0
p10,2045,2012,232,32324.0
p10,2045,2012,233,31403.0
p10,2045,2012,234,30756.0
p10,2045,2012,235,30582.0
p10,2045,2012,236,30936.0
p10,2045,2012,237,32896.0
p10,2045,2012,238,33975.0
p10,2045,2012,239,33900.0
p10,2045,2012,240,33080.0
p11,2030,2012,1,2635.0
p11,2030,2012,2,2540.0
p11,2030,2012,3,2397.0
p11,2030,2012,4,2317.0
p11,2030,2012,5,2249.0
p11,2030,2012,6,2174.0
p11,2030,2012,7,2124.0
p11,2030,2012,8,2130.0
p11,2030,2012,9,2157.0
p11,2030,2012,10,2197.0
p11,2030,2012,11,2221.0
p11,2030,2012,12,2329.0
p11,2030,2012,13,2405.0
p11,2030,2012,14,2444.0
p11,2030,2012,15,2403.0
p11,2030,2012,16,2341.0
p11,2030,2012,17,2315.0
p11,2030,2012,18,2267.0
p11,2030,2012,19,2260.0
p11,2030,2012,20,2332.0
p11,2030,2012,21,2608.0
p11,2030,2012,22,2653.0
p11,2030,2012,23,2630.0
p11,2030,2012,24,2577.0
p11,2030,2012,25,2501.0
p11,2030,2012,26,2382.0
p11,2030,2012,27,2265.0
p11,2030,2012,28,2266.0
p11,2030,2012,29,2243.0
p11,2030,2012,30,2202.0
p11,2030,2012,31,2147.0
p11,2030,2012,32,2191.0
p11,2030,2012,33,2284.0
p11,2030,2012,34,2386.0
p11,2030,2012,35,2466.0
p11,2030,2012,36,2553.0
p11,2030,2012,37,2613.0
p11,2030,2012,38,2703.0
p11,2030,2012,39,2700.0
p11,2030,2012,40,2631.0
p11,2030,2012,41,2571.0
p11,2030,2012,42,2552.0
p11,2030,2012,43,2545.0
p11,2030,2012,44,2613.0
p11,2030,2012,45,2858.0
p11,2030,2012,46,2930.0
p11,2030,2012,47,2899.0
p11,2030,2012,48,2828.0
p11,2030,2012,49,2710.0
p11,2030,2012,50,2534.0
p11,2030,2012,51,2361.0
p11,2030,2012,52,2246.0
p11,2030,2012,53,2212.0
p11,2030,2012,54,2170.0
p11,2030,2012,55,2138.0
p11,2030,2012,56,2198.0
p11,2030,2012,57,2352.0
p11,2030,2012,58,2560.0
p11,2030,2012,59,2680.0
p11,2030,2012,60,2732.0
p11,2030,2012,61,2779.0
p11,2030,2012,62,2842.0
p11,2030,2012,63,2837.0
p11,2030,2012,64,2771.0
p11,2030,2012,65,2749.0
p11,2030,2012,66,2713.0
p11,2030,2012,67,2667.0
p11,2030,2012,68,2704.0
p11,2030,2012,69,2923.0
p11,2030,2012,70,2977.0
p11,2030,2012,71,2938.0
p11,2030,2012,72,2858.0
p11,2030,2012,73,2737.0
p11,2030,2012,74,2567.0
p11,2030,2012,75,2396.0
p11,2030,2012,76,2315.0
p11,2030,2012,77,2282.0
p11,2030,2012,78,2239.0
p11,2030,2012,79,2203.0
p11,2030,2012,80,2259.0
p11,2030,2012,81,2402.0
p11,2030,2012,82,2622.0
p11,2030,2012,83,2729.0
p11,2030,2012,84,2765.0
p11,2030,2012,85,2807.0
p11,2030,2012,86,2862.0
p11,2030,2012,87,2850.0
p11,2030,2012,88,2782.0
p11,2030,2012,89,2760.0
p11,2030,2012,90,2723.0
p11,2030,2012,91,2708.0
p11,2030,2012,92,2740.0
p11,2030,2012,93,2944.0
p11,2030,2012,94,2986.0
p11,2030,2012,95,2937.0
p11,2030,2012,96,2855.0
p11,2030,2012,97,2719.0
p11,2030,2012,98,2542.0
p11,2030,2012,99,2377.0
p11,2030,2012,100,2294.0
p11,2030,2012,101,2250.0
p11,2030,2012,102,2208.0
p11,2030,2012,103,2164.0
p11,2030,2012,104,2224.0
p11,2030,2012,105,2357.0
p11,2030,2012,106,2589.0
p11,2030,2012,107,2687.0
p11,2030,2012,108,2739.0
p11,2030,2012,109,2784.0
p11,2030,2012,110,2838.0
p11,2030,2012,111,2838.0
p11,2030,2012,112,2785.0
p11,2030,2012,113,2759.0
p11,2030,2012,114,2726.0
p11,2030,2012,115,2703.0
p11,2030,2012,116,2717.0
p11,2030,2012,117,2920.0
p11,2030,2012,118,2966.0
p11,2030,2012,119,2916.0
p11,2030,2012,120,2833.0
p11,2030,2012,121,2722.0
p11,2030,2012,122,2554.0
p11,2030,2012,123,2391.0
p11,2030,2012,124,2342.0
p11,2030,2012,125,2315.0
p11,2030,2012,126,2265.0
p11,2030,2012,127,2221.0
p11,2030,2012,128,2286.0
p11,2030,2012,129,2422.0
p11,2030,2012,130,2651.0
p11,2030,2012,131,2760.0
p11,2030,2012,132,2818.0
p11,2030,2012,133,2856.0
p11,2030,2012,134,2904.0
p11,2030,2012,135,2882.0
p11,2030,2012,136,2803.0
p11,2030,2012,137,2752.0
p11,2030,2012,138,2708.0
p11,2030,2012,139,2675.0
p11,2030,2012,140,2701.0
p11,2030,2012,141,2915.0
p11,2030,2012,142,2955.0
p11,2030,2012,143,2900.0
p11,2030,2012,144,2841.0
p11,2030,2012,145,2743.0
p11,2030,2012,146,2597.0
p11,2030,2012,147,2462.0
p11,2030,2012,148,2299.0
p11,2030,2012,149,2238.0
p11,2030,2012,150,2197.0
p11,2030,2012,151,2157.0
p11,2030,2012,152,2166.0
p11,2030,2012,153,2221.0
p11,2030,2012,154,2303.0
p11,2030,2012,155,2398.0
p11,2030,2012,156,2486.0
p11,2030,2012,157,2574.0
p11,2030,2012,158,2573.0
p11,2030,2012,159,2539.0
p11,2030,2012,160,2489.0
p11,2030,2012,161,2437.0
p11,2030,2012,162,2365.0
p11,2030,2012,163,2341.0
p11,2030,2012,164,2398.0
p11,2030,2012,165,2647.0
p11,2030,2012,166,2689.0
p11,2030,2012,167,2658.0
p11,2030,2012,168,2606.0
p11,2030,2012,169,2538.0
p11,2030,2012,170,2416.0
p11,2030,2012,171,2317.0
p11,2030,2012,172,2251.0
p11,2030,2012,173,2198.0
p11,2030,2012,174,2154.0
p11,2030,2012,175,2118.0
p11,2030,2012,176,2127.0
p11,2030,2012,177,2173.0
p11,2030,2012,178,2262.0
p11,2030,2012,179,2307.0
p11,2030,2012,180,2411.0
p11,2030,2012,181,2469.0
p11,2030,2012,182,2487.0
p11,2030,2012,183,2451.0
p11,2030,2012,184,2395.0
p11,2030,2012,185,2350.0
p11,2030,2012,186,2291.0
p11,2030,2012,187,2287.0
p11,2030,2012,188,2355.0
p11,2030,2012,189,2626.0
p11,2030,2012,190,2694.0
p11,2030,2012,191,2672.0
p11,2030,2012,192,2607.0
p11,2030,2012,193,2524.0
p11,2030,2012,194,2382.0
p11,2030,2012,195,2280.0
p11,2030,2012,196,2305.0
p11,2030,2012,197,2297.0
p11,2030,2012,198,2267.0
p11,2030,2012,199,2235.0
p11,2030,2012,200,2306.0
p11,2030,2012,201,2475.0
p11,2030,2012,202,2750.0
p11,2030,2012,203,2874.0
p11,2030,2012,204,2924.0
p11,2030,2012,205,2938.0
p11,2030,2012,206,2959.0
p11,2030,2012,207,2912.0
p11,2030,2012,208,2825.0
p11,2030,2012,209,2774.0
p11,2030,2012,210,2732.0
p11,2030,2012,211,2690.0
p11,2030,2012,212,2732.0
p11,2030,2012,213,2963.0
p11,2030,2012,214,3018.0
p11,2030,2012,215,2985.0
p11,2030,2012,216,2903.0
p11,2030,2012,217,2775.0
p11,2030,2012,218,2607.0
p11,2030,2012,219,2452.0
p11,2030,2012,220,2356.0
p11,2030,2012,221,2326.0
p11,2030,2012,222,2300.0
p11,2030,2012,223,2270.0
p11,2030,2012,224,2342.0
p11,2030,2012,225,2514.0
p11,2030,2012,226,2775.0
p11,2030,2012,227,2926.0
p11,2030,2012,228,2930.0
p11,2030,2012,229,2923.0
p11,2030,2012,230,2931.0
p11,2030,2012,231,2893.0
p11,2030,2012,232,2795.0
p11,2030,2012,233,2726.0
p11,2030,2012,234,2677.0
p11,2030,2012,235,2656.0
p11,2030,2012,236,2683.0
p11,2030,2012,237,2915.0
p11,2030,2012,238,2983.0
p11,2030,2012,239,2950.0
p11,2030,2012,240,2873.0
p11,2045,2012,1,4048.0
p11,2045,2012,2,3946.0
p11,2045,2012,3,3796.0
p11,2045,2012,4,3720.0
p11,2045,2012,5,3707.0
p11,2045,2012,6,3583.0
p11,2045,2012,7,3423.0
p11,2045,2012,8,3435.0
p11,2045,2012,9,3473.0
p11,2045,2012,10,3496.0
p11,2045,2012,11,3497.0
p11,2045,2012,12,3701.0
p11,2045,2012,13,3868.0
p11,2045,2012,14,3955.0
p11,2045,2012,15,3879.0
p11,2045,2012,16,3759.0
p11,2045,2012,17,3705.0
p11,2045,2012,18,3616.0
p11,2045,2012,19,3591.0
p11,2045,2012,20,3682.0
p11,2045,2012,21,3999.0
p11,2045,2012,22,4068.0
p11,2045,2012,23,4047.0
p11,2045,2012,24,3966.0
p11,2045,2012,25,3874.0
p11,2045,2012,26,3735.0
p11,2045,2012,27,3629.0
p11,2045,2012,28,3929.0
p11,2045,2012,29,4026.0
p11,2045,2012,30,3923.0
p11,2045,2012,31,3657.0
p11,2045,2012,32,3717.0
p11,2045,2012,33,3832.0
p11,2045,2012,34,3896.0
p11,2045,2012,35,3936.0
p11,2045,2012,36,4075.0
p11,2045,2012,37,4255.0
p11,2045,2012,38,4478.0
p11,2045,2012,39,4513.0
p11,2045,2012,40,4380.0
p11,2045,2012,41,4268.0
p11,2045,2012,42,4218.0
p11,2045,2012,43,4215.0
p11,2045,2012,44,4307.0
p11,2045,2012,45,4586.0
p11,2045,2012,46,4728.0
p11,2045,2012,47,4712.0
p11,2045,2012,48,4591.0
p11,2045,2012,49,4421.0
p11,2045,2012,50,4188.0
p11,2045,2012,51,3962.0
p11,2045,2012,52,3795.0
p11,2045,2012,53,3850.0
p11,2045,2012,54,3758.0
p11,2045,2012,55,3559.0
p11,2045,2012,56,3632.0
p11,2045,2012,57,3814.0
p11,2045,2012,58,3987.0
p11,2045,2012,59,4058.0
p11,2045,2012,60,4136.0
p11,2045,2012,61,4289.0
p11,2045,2012,62,4457.0
p11,2045,2012,63,4481.0
p11,2045,2012,64,4360.0
p11,2045,2012,65,4308.0
p11,2045,2012,66,4238.0
p11,2045,2012,67,4189.0
p11,2045,2012,68,4243.0
p11,2045,2012,69,4495.0
p11,2045,2012,70,4622.0
p11,2045,2012,71,4605.0
p11,2045,2012,72,4489.0
p11,2045,2012,73,4331.0
p11,2045,2012,74,4126.0
p11,2045,2012,75,3915.0
p11,2045,2012,76,3862.0
p11,2045,2012,77,3928.0
p11,2045,2012,78,3836.0
p11,2045,2012,79,3631.0
p11,2045,2012,80,3702.0
p11,2045,2012,81,3859.0
p11,2045,2012,82,4066.0
p11,2045,2012,83,4108.0
p11,2045,2012,84,4162.0
p11,2045,2012,85,4321.0
p11,2045,2012,86,4475.0
p11,2045,2012,87,4476.0
p11,2045,2012,88,4342.0
p11,2045,2012,89,4288.0
p11,2045,2012,90,4216.0
p11,2045,2012,91,4202.0
p11,2045,2012,92,4255.0
p11,2045,2012,93,4497.0
p11,2045,2012,94,4611.0
p11,2045,2012,95,4585.0
p11,2045,2012,96,4469.0
p11,2045,2012,97,4288.0
p11,2045,2012,98,4071.0
p11,2045,2012,99,3864.0
p11,2045,2012,100,3809.0
p11,2045,2012,101,3860.0
p11,2045,2012,102,3767.0
p11,2045,2012,103,3550.0
p11,2045,2012,104,3621.0
p11,2045,2012,105,3763.0
p11,2045,2012,106,3988.0
p11,2045,2012,107,4038.0
p11,2045,2012,108,4114.0
p11,2045,2012,109,4265.0
p11,2045,2012,110,4433.0
p11,2045,2012,111,4443.0
p11,2045,2012,112,4340.0
p11,2045,2012,113,4281.0
p11,2045,2012,114,4214.0
p11,2045,2012,115,4194.0
p11,2045,2012,116,4228.0
p11,2045,2012,117,4469.0
p11,2045,2012,118,4591.0
p11,2045,2012,119,4562.0
p11,2045,2012,120,4443.0
p11,2045,2012,121,4285.0
p11,2045,2012,122,4088.0
p11,2045,2012,123,3897.0
p11,2045,2012,124,3981.0
p11,2045,2012,125,4078.0
p11,2045,2012,126,3972.0
p11,2045,2012,127,3713.0
p11,2045,2012,128,3800.0
p11,2045,2012,129,3937.0
p11,2045,2012,130,4169.0
p11,2045,2012,131,4220.0
p11,2045,2012,132,4330.0
p11,2045,2012,133,4510.0
p11,2045,2012,134,4690.0
p11,2045,2012,135,4694.0
p11,2045,2012,136,4553.0
p11,2045,2012,137,4461.0
p11,2045,2012,138,4382.0
p11,2045,2012,139,4351.0
p11,2045,2012,140,4403.0
p11,2045,2012,141,4650.0
p11,2045,2012,142,4760.0
p11,2045,2012,143,4718.0
p11,2045,2012,144,4612.0
p11,2045,2012,145,4464.0
p11,2045,2012,146,4270.0
p11,2045,2012,147,4078.0
p11,2045,2012,148,3682.0
p11,2045,2012,149,3682.0
p11,2045,2012,150,3618.0
p11,2045,2012,151,3450.0
p11,2045,2012,152,3454.0
p11,2045,2012,153,3509.0
p11,2045,2012,154,3565.0
p11,2045,2012,155,3682.0
p11,2045,2012,156,3831.0
p11,2045,2012,157,4000.0
p11,2045,2012,158,4039.0
p11,2045,2012,159,3991.0
p11,2045,2012,160,3919.0
p11,2045,2012,161,3836.0
p11,2045,2012,162,3715.0
p11,2045,2012,163,3671.0
p11,2045,2012,164,3746.0
p11,2045,2012,165,4037.0
p11,2045,2012,166,4104.0
p11,2045,2012,167,4076.0
p11,2045,2012,168,3991.0
p11,2045,2012,169,3904.0
p11,2045,2012,170,3756.0
p11,2045,2012,171,3653.0
p11,2045,2012,172,3622.0
p11,2045,2012,173,3621.0
p11,2045,2012,174,3544.0
p11,2045,2012,175,3387.0
p11,2045,2012,176,3398.0
p11,2045,2012,177,3451.0
p11,2045,2012,178,3538.0
p11,2045,2012,179,3572.0
p11,2045,2012,180,3753.0
p11,2045,2012,181,3896.0
p11,2045,2012,182,3957.0
p11,2045,2012,183,3905.0
p11,2045,2012,184,3809.0
p11,2045,2012,185,3722.0
p11,2045,2012,186,3625.0
p11,2045,2012,187,3607.0
p11,2045,2012,188,3699.0
p11,2045,2012,189,4012.0
p11,2045,2012,190,4107.0
p11,2045,2012,191,4083.0
p11,2045,2012,192,3989.0
p11,2045,2012,193,3895.0
p11,2045,2012,194,3732.0
p11,2045,2012,195,3657.0
p11,2045,2012,196,3980.0
p11,2045,2012,197,4089.0
p11,2045,2012,198,3998.0
p11,2045,2012,199,3761.0
p11,2045,2012,200,3847.0
p11,2045,2012,201,4033.0
p11,2045,2012,202,4291.0
p11,2045,2012,203,4351.0
p11,2045,2012,204,4472.0
p11,2045,2012,205,4622.0
p11,2045,2012,206,4760.0
p11,2045,2012,207,4727.0
p11,2045,2012,208,4571.0
p11,2045,2012,209,4472.0
p11,2045,2012,210,4394.0
p11,2045,2012,211,4355.0
p11,2045,2012,212,4424.0
p11,2045,2012,213,4695.0
p11,2045,2012,214,4820.0
p11,2045,2012,215,4799.0
p11,2045,2012,216,4669.0
p11,2045,2012,217,4487.0
p11,2045,2012,218,4280.0
p11,2045,2012,219,4088.0
p11,2045,2012,220,3943.0
p11,2045,2012,221,4011.0
p11,2045,2012,222,3951.0
p11,2045,2012,223,3755.0
p11,2045,2012,224,3854.0
p11,2045,2012,225,4047.0
p11,2045,2012,226,4284.0
p11,2045,2012,227,4399.0
p11,2045,2012,228,4433.0
p11,2045,2012,229,4529.0
p11,2045,2012,230,4628.0
p11,2045,2012,231,4591.0
p11,2045,2012,232,4413.0
p11,2045,2012,233,4287.0
p11,2045,2012,234,4199.0
p11,2045,2012,235,4175.0
p11,2045,2012,236,4222.0
p11,2045,2012,237,4490.0
p11,2045,2012,238,4637.0
p11,2045,2012,239,4627.0
p11,2045,2012,240,4515.0
p27,2030,2012,1,1213.0
p27,2030,2012,2,1189.0
p27,2030,2012,3,1137.0
p27,2030,2012,4,1153.0
p27,2030,2012,5,1147.0
p27,2030,2012,6,1147.0
p27,2030,2012,7,1153.0
p27,2030,2012,8,1179.0
p27,2030,2012,9,1218.0
p27,2030,2012,10,1232.0
p27,2030,2012,11,1258.0
p27,2030,2012,12,1242.0
p27,2030,2012,13,1226.0
p27,2030,2012,14,1197.0
p27,2030,2012,15,1166.0
p27,2030,2012,16,1142.0
p27,2030,2012,17,1124.0
p27,2030,2012,18,1113.0
p27,2030,2012,19,1126.0
p27,2030,2012,20,1195.0
p27,2030,2012,21,1261.0
p27,2030,2012,22,1250.0
p27,2030,2012,23,1229.0
p27,2030,2012,24,1200.0
p27,2030,2012,25,1153.0
p27,2030,2012,26,1108.0
p27,2030,2012,27,1097.0
p27,2030,2012,28,1097.0
p27,2030,2012,29,1103.0
p27,2030,2012,30,1095.0
p27,2030,2012,31,1105.0
p27,2030,2012,32,1145.0
p27,2030,2012,33,1195.0
p27,2030,2012,34,1226.0
p27,2030,2012,35,1245.0
p27,2030,2012,36,1255.0
p27,2030,2012,37,1263.0
p27,2030,2012,38,1253.0
p27,2030,2012,39,1234.0
p27,2030,2012,40,1216.0
p27,2030,2012,41,1200.0
p27,2030,2012,42,1197.0
p27,2030,2012,43,1208.0
p27,2030,2012,44,1274.0
p27,2030,2012,45,1332.0
p27,2030,2012,46,1329.0
p27,2030,2012,47,1308.0
p27,2030,2012,48,1274.0
p27,2030,2012,49,1213.0
p27,2030,2012,50,1153.0
p27,2030,2012,51,1118.0
p27,2030,2012,52,1103.0
p27,2030,2012,53,1105.0
p27,2030,2012,54,1105.0
p27,2030,2012,55,1132.0
p27,2030,2012,56,1203.0
p27,2030,2012,57,1292.0
p27,2030,2012,58,1332.0
p27,2030,2012,59,1324.0
p27,2030,2012,60,1313.0
p27,2030,2012,61,1295.0
p27,2030,2012,62,1282.0
p27,2030,2012,63,1255.0
p27,2030,2012,64,1239.0
p27,2030,2012,65,1224.0
p27,2030,2012,66,1213.0
p27,2030,2012,67,1221.0
p27,2030,2012,68,1279.0
p27,2030,2012,69,1347.0
p27,2030,2012,70,1339.0
p27,2030,2012,71,1321.0
p27,2030,2012,72,1292.0
p27,2030,2012,73,1232.0
p27,2030,2012,74,1174.0
p27,2030,2012,75,1142.0
p27,2030,2012,76,1139.0
p27,2030,2012,77,1150.0
p27,2030,2012,78,1168.0
p27,2030,2012,79,1195.0
p27,2030,2012,80,1271.0
p27,2030,2012,81,1368.0
p27,2030,2012,82,1413.0
p27,2030,2012,83,1395.0
p27,2030,2012,84,1355.0
p27,2030,2012,85,1326.0
p27,2030,2012,86,1292.0
p27,2030,2012,87,1261.0
p27,2030,2012,88,1232.0
p27,2030,2012,89,1218.0
p27,2030,2012,90,1211.0
p27,2030,2012,91,1226.0
p27,2030,2012,92,1282.0
p27,2030,2012,93,1339.0
p27,2030,2012,94,1339.0
p27,2030,2012,95,1318.0
p27,2030,2012,96,1276.0
p27,2030,2012,97,1218.0
p27,2030,2012,98,1155.0
p27,2030,2012,99,1124.0
p27,2030,2012,100,1113.0
p27,2030,2012,101,1121.0
p27,2030,2012,102,1134.0
p27,2030,2012,103,1174.0
p27,2030,2012,104,1239.0
p27,2030,2012,105,1355.0
p27,2030,2012,106,1387.0
p27,2030,2012,107,1361.0
p27,2030,2012,108,1326.0
p27,2030,2012,109,1303.0
p27,2030,2012,110,1268.0
p27,2030,2012,111,1247.0
p27,2030,2012,112,1229.0
p27,2030,2012,113,1211.0
p27,2030,2012,114,1208.0
p27,2030,2012,115,1216.0
p27,2030,2012,116,1271.0
p27,2030,2012,117,1334.0
p27,2030,2012,118,1339.0
p27,2030,2012,119,1318.0
p27,2030,2012,120,1289.0
p27,2030,2012,121,1232.0
p27,2030,2012,122,1179.0
p27,2030,2012,123,1153.0
p27,2030,2012,124,1163.0
p27,2030,2012,125,1174.0
p27,2030,2012,126,1182.0
p27,2030,2012,127,1218.0
p27,2030,2012,128,1297.0
p27,2030,2012,129,1403.0
p27,2030,2012,130,1439.0
p27,2030,2012,131,1418.0
p27,2030,2012,132,1389.0
p27,2030,2012,133,1350.0
p27,2030,2012,134,1305.0
p27,2030,2012,135,1263.0
p27,2030,2012,136,1232.0
p27,2030,2012,137,1218.0
p27,2030,2012,138,1211.0
p27,2030,2012,139,1213.0
p27,2030,2012,140,1263.0
p27,2030,2012,141,1321.0
p27,2030,2012,142,1316.0
p27,2030,2012,143,1305.0
p27,2030,2012,144,1279.0
p27,2030,2012,145,1242.0
p27,2030,2012,146,1197.0
p27,2030,2012,147,1168.0
p27,2030,2012,148,1153.0
p27,2030,2012,149,1147.0
p27,2030,2012,150,1158.0
p27,2030,2012,151,1176.0
p27,2030,2012,152,1218.0
p27,2030,2012,153,1271.0
p27,2030,2012,154,1324.0
p27,2030,2012,155,1347.0
p27,2030,2012,156,1334.0
p27,2030,2012,157,1305.0
p27,2030,2012,158,1263.0
p27,2030,2012,159,1216.0
p27,2030,2012,160,1179.0
p27,2030,2012,161,1158.0
p27,2030,2012,162,1142.0
p27,2030,2012,163,1153.0
p27,2030,2012,164,1216.0
p27,2030,2012,165,1274.0
p27,2030,2012,166,1261.0
p27,2030,2012,167,1250.0
p27,2030,2012,168,1232.0
p27,2030,2012,169,1192.0
p27,2030,2012,170,1155.0
p27,2030,2012,171,1139.0
p27,2030,2012,172,1137.0
p27,2030,2012,173,1137.0
p27,2030,2012,174,1142.0
p27,2030,2012,175,1161.0
p27,2030,2012,176,1189.0
p27,2030,2012,177,1237.0
p27,2030,2012,178,1282.0
p27,2030,2012,179,1316.0
p27,2030,2012,180,1311.0
p27,2030,2012,181,1305.0
p27,2030,2012,182,1274.0
p27,2030,2012,183,1245.0
p27,2030,2012,184,1211.0
p27,2030,2012,185,1189.0
p27,2030,2012,186,1182.0
p27,2030,2012,187,1203.0
p27,2030,2012,188,1263.0
p27,2030,2012,189,1339.0
p27,2030,2012,190,1342.0
p27,2030,2012,191,1321.0
p27,2030,2012,192,1289.0
p27,2030,2012,193,1242.0
p27,2030,2012,194,1192.0
p27,2030,2012,195,1184.0
p27,2030,2012,196,1197.0
p27,2030,2012,197,1221.0
p27,2030,2012,198,1232.0
p27,2030,2012,199,1263.0
p27,2030,2012,200,1353.0
p27,2030,2012,201,1482.0
p27,2030,2012,202,1511.0
p27,2030,2012,203,1474.0
p27,2030,2012,204,1434.0
p27,2030,2012,205,1405.0
p27,2030,2012,206,1353.0
p27,2030,2012,207,1311.0
p27,2030,2012,208,1292.0
p27,2030,2012,209,1247.0
p27,2030,2012,210,1234.0
p27,2030,2012,211,1245.0
p27,2030,2012,212,1313.0
p27,2030,2012,213,1395.0
p27,2030,2012,214,1400.0
p27,2030,2012,215,1384.0
p27,2030,2012,216,1363.0
p27,2030,2012,217,1295.0
p27,2030,2012,218,1245.0
p27,2030,2012,219,1237.0
p27,2030,2012,220,1232.0
p27,2030,2012,221,1250.0
p27,2030,2012,222,1263.0
p27,2030,2012,223,1300.0
p27,2030,2012,224,1397.0
p27,2030,2012,225,1505.0
p27,2030,2012,226,1537.0
p27,2030,2012,227,1492.0
p27,2030,2012,228,1442.0
p27,2030,2012,229,1395.0
p27,2030,2012,230,1345.0
p27,2030,2012,231,1295.0
p27,2030,2012,232,1253.0
p27,2030,2012,233,1224.0
p27,2030,2012,234,1211.0
p27,2030,2012,235,1224.0
p27,2030,2012,236,1284.0
p27,2030,2012,237,1358.0
p27,2030,2012,238,1361.0
p27,2030,2012,239,1353.0
p27,2030,2012,240,1329.0
p27,2045,2012,1,1374.0
p27,2045,2012,2,1352.0
p27,2045,2012,3,1308.0
p27,2045,2012,4,1324.0
p27,2045,2012,5,1330.0
p27,2045,2012,6,1315.0
p27,2045,2012,7,1295.0
p27,2045,2012,8,1317.0
p27,2045,2012,9,1352.0
p27,2045,2012,10,1359.0
p27,2045,2012,11,1383.0
p27,2045,2012,12,1383.0
p27,2045,2012,13,1385.0
p27,2045,2012,14,1372.0
p27,2045,2012,15,1354.0
p27,2045,2012,16,1337.0
p27,2045,2012,17,1324.0
p27,2045,2012,18,1317.0
p27,2045,2012,19,1335.0
p27,2045,2012,20,1398.0
p27,2045,2012,21,1462.0
p27,2045,2012,22,1453.0
p27,2045,2012,23,1429.0
p27,2045,2012,24,1389.0
p27,2045,2012,25,1339.0
p27,2045,2012,26,1293.0
p27,2045,2012,27,1302.0
p27,2045,2012,28,1337.0
p27,2045,2012,29,1357.0
p27,2045,2012,30,1326.0
p27,2045,2012,31,1295.0
p27,2045,2012,32,1328.0
p27,2045,2012,33,1367.0
p27,2045,2012,34,1383.0
p27,2045,2012,35,1396.0
p27,2045,2012,36,1431.0
p27,2045,2012,37,1466.0
p27,2045,2012,38,1486.0
p27,2045,2012,39,1483.0
p27,2045,2012,40,1472.0
p27,2045,2012,41,1459.0
p27,2045,2012,42,1462.0
p27,2045,2012,43,1475.0
p27,2045,2012,44,1536.0
p27,2045,2012,45,1602.0
p27,2045,2012,46,1599.0
p27,2045,2012,47,1569.0
p27,2045,2012,48,1525.0
p27,2045,2012,49,1459.0
p27,2045,2012,50,1392.0
p27,2045,2012,51,1346.0
p27,2045,2012,52,1322.0
p27,2045,2012,53,1337.0
p27,2045,2012,54,1317.0
p27,2045,2012,55,1308.0
p27,2045,2012,56,1365.0
p27,2045,2012,57,1440.0
p27,2045,2012,58,1464.0
p27,2045,2012,59,1457.0
p27,2045,2012,60,1466.0
p27,2045,2012,61,1475.0
p27,2045,2012,62,1483.0
p27,2045,2012,63,1472.0
p27,2045,2012,64,1462.0
p27,2045,2012,65,1446.0
p27,2045,2012,66,1442.0
p27,2045,2012,67,1451.0
p27,2045,2012,68,1508.0
p27,2045,2012,69,1580.0
p27,2045,2012,70,1578.0
p27,2045,2012,71,1551.0
p27,2045,2012,72,1516.0
p27,2045,2012,73,1451.0
p27,2045,2012,74,1392.0
p27,2045,2012,75,1352.0
p27,2045,2012,76,1354.0
p27,2045,2012,77,1376.0
p27,2045,2012,78,1372.0
p27,2045,2012,79,1367.0
p27,2045,2012,80,1431.0
p27,2045,2012,81,1510.0
p27,2045,2012,82,1540.0
p27,2045,2012,83,1527.0
p27,2045,2012,84,1512.0
p27,2045,2012,85,1505.0
p27,2045,2012,86,1494.0
p27,2045,2012,87,1479.0
p27,2045,2012,88,1457.0
p27,2045,2012,89,1444.0
p27,2045,2012,90,1440.0
p27,2045,2012,91,1457.0
p27,2045,2012,92,1512.0
p27,2045,2012,93,1575.0
p27,2045,2012,94,1578.0
p27,2045,2012,95,1551.0
p27,2045,2012,96,1503.0
p27,2045,2012,97,1442.0
p27,2045,2012,98,1374.0
p27,2045,2012,99,1337.0
p27,2045,2012,100,1330.0
p27,2045,2012,101,1350.0
p27,2045,2012,102,1343.0
p27,2045,2012,103,1348.0
p27,2045,2012,104,1398.0
p27,2045,2012,105,1497.0
p27,2045,2012,106,1514.0
p27,2045,2012,107,1492.0
p27,2045,2012,108,1479.0
p27,2045,2012,109,1481.0
p27,2045,2012,110,1475.0
p27,2045,2012,111,1466.0
p27,2045,2012,112,1453.0
p27,2045,2012,113,1435.0
p27,2045,2012,114,1437.0
p27,2045,2012,115,1448.0
p27,2045,2012,116,1503.0
p27,2045,2012,117,1571.0
p27,2045,2012,118,1578.0
p27,2045,2012,119,1551.0
p27,2045,2012,120,1512.0
p27,2045,2012,121,1453.0
p27,2045,2012,122,1398.0
p27,2045,2012,123,1367.0
p27,2045,2012,124,1394.0
p27,2045,2012,125,1418.0
p27,2045,2012,126,1405.0
p27,2045,2012,127,1400.0
p27,2045,2012,128,1464.0
p27,2045,2012,129,1549.0
p27,2045,2012,130,1573.0
p27,2045,2012,131,1558.0
p27,2045,2012,132,1556.0
p27,2045,2012,133,1547.0
p27,2045,2012,134,1534.0
p27,2045,2012,135,1510.0
p27,2045,2012,136,1483.0
p27,2045,2012,137,1472.0
p27,2045,2012,138,1468.0
p27,2045,2012,139,1479.0
p27,2045,2012,140,1527.0
p27,2045,2012,141,1591.0
p27,2045,2012,142,1586.0
p27,2045,2012,143,1567.0
p27,2045,2012,144,1532.0
p27,2045,2012,145,1483.0
p27,2045,2012,146,1431.0
p27,2045,2012,147,1370.0
p27,2045,2012,148,1326.0
p27,2045,2012,149,1330.0
p27,2045,2012,150,1324.0
p27,2045,2012,151,1317.0
p27,2045,2012,152,1352.0
p27,2045,2012,153,1394.0
p27,2045,2012,154,1437.0
p27,2045,2012,155,1459.0
p27,2045,2012,156,1462.0
p27,2045,2012,157,1453.0
p27,2045,2012,158,1427.0
p27,2045,2012,159,1396.0
p27,2045,2012,160,1367.0
p27,2045,2012,161,1350.0
p27,2045,2012,162,1335.0
p27,2045,2012,163,1350.0
p27,2045,2012,164,1409.0
p27,2045,2012,165,1466.0
p27,2045,2012,166,1457.0
p27,2045,2012,167,1442.0
p27,2045,2012,168,1413.0
p27,2045,2012,169,1372.0
p27,2045,2012,170,1330.0
p27,2045,2012,171,1313.0
p27,2045,2012,172,1313.0
p27,2045,2012,173,1319.0
p27,2045,2012,174,1313.0
p27,2045,2012,175,1306.0
p27,2045,2012,176,1328.0
p27,2045,2012,177,1367.0
p27,2045,2012,178,1402.0
p27,2045,2012,179,1435.0
p27,2045,2012,180,1448.0
p27,2045,2012,181,1459.0
p27,2045,2012,182,1444.0
p27,2045,2012,183,1427.0
p27,2045,2012,184,1398.0
p27,2045,2012,185,1378.0
p27,2045,2012,186,1374.0
p27,2045,2012,187,1396.0
p27,2045,2012,188,1455.0
p27,2045,2012,189,1527.0
p27,2045,2012,190,1529.0
p27,2045,2012,191,1505.0
p27,2045,2012,192,1468.0
p27,2045,2012,193,1418.0
p27,2045,2012,194,1365.0
p27,2045,2012,195,1381.0
p27,2045,2012,196,1431.0
p27,2045,2012,197,1466.0
p27,2045,2012,198,1453.0
p27,2045,2012,199,1442.0
p27,2045,2012,200,1516.0
p27,2045,2012,201,1623.0
p27,2045,2012,202,1641.0
p27,2045,2012,203,1610.0
p27,2045,2012,204,1602.0
p27,2045,2012,205,1604.0
p27,2045,2012,206,1586.0
p27,2045,2012,207,1556.0
p27,2045,2012,208,1543.0
p27,2045,2012,209,1501.0
p27,2045,2012,210,1492.0
p27,2045,2012,211,1505.0
p27,2045,2012,212,1569.0
p27,2045,2012,213,1654.0
p27,2045,2012,214,1658.0
p27,2045,2012,215,1634.0
p27,2045,2012,216,1604.0
p27,2045,2012,217,1532.0
p27,2045,2012,218,1475.0
p27,2045,2012,219,1451.0
p27,2045,2012,220,1437.0
p27,2045,2012,221,1468.0
p27,2045,2012,222,1462.0
p27,2045,2012,223,1462.0
p27,2045,2012,224,1547.0
p27,2045,2012,225,1634.0
p27,2045,2012,226,1656.0
p27,2045,2012,227,1623.0
p27,2045,2012,228,1599.0
p27,2045,2012,229,1575.0
p27,2045,2012,230,1551.0
p27,2045,2012,231,1512.0
p27,2045,2012,232,1477.0
p27,2045,2012,233,1448.0
p27,2045,2012,234,1440.0
p27,2045,2012,235,1455.0
p27,2045,2012,236,1514.0
p27,2045,2012,237,1588.0
p27,2045,2012,238,1595.0
p27,2045,2012,239,1580.0
p27,2045,2012,240,1549.0
p28,2030,2012,1,8712.0
p28,2030,2012,2,8533.0
p28,2030,2012,3,8161.0
p28,2030,2012,4,8268.0
p28,2030,2012,5,8246.0
p28,2030,2012,6,8230.0
p28,2030,2012,7,8268.0
p28,2030,2012,8,8456.0
p28,2030,2012,9,8754.0
p28,2030,2012,10,8840.0
p28,2030,2012,11,9024.0
p28,2030,2012,12,8911.0
p28,2030,2012,13,8796.0
p28,2030,2012,14,8591.0
p28,2030,2012,15,8368.0
p28,2030,2012,16,8193.0
p28,2030,2012,17,8063.0
p28,2030,2012,18,7993.0
p28,2030,2012,19,8093.0
p28,2030,2012,20,8580.0
p28,2030,2012,21,9042.0
p28,2030,2012,22,8971.0
p28,2030,2012,23,8827.0
p28,2030,2012,24,8606.0
p28,2030,2012,25,8271.0
p28,2030,2012,26,7955.0
p28,2030,2012,27,7875.0
p28,2030,2012,28,7879.0
p28,2030,2012,29,7919.0
p28,2030,2012,30,7860.0
p28,2030,2012,31,7930.0
p28,2030,2012,32,8219.0
p28,2030,2012,33,8584.0
p28,2030,2012,34,8798.0
p28,2030,2012,35,8928.0
p28,2030,2012,36,9019.0
p28,2030,2012,37,9070.0
p28,2030,2012,38,8995.0
p28,2030,2012,39,8866.0
p28,2030,2012,40,8727.0
p28,2030,2012,41,8620.0
p28,2030,2012,42,8601.0
p28,2030,2012,43,8673.0
p28,2030,2012,44,9134.0
p28,2030,2012,45,9569.0
p28,2030,2012,46,9546.0
p28,2030,2012,47,9392.0
p28,2030,2012,48,9138.0
p28,2030,2012,49,8716.0
p28,2030,2012,50,8267.0
p28,2030,2012,51,8030.0
p28,2030,2012,52,7915.0
p28,2030,2012,53,7944.0
p28,2030,2012,54,7937.0
p28,2030,2012,55,8133.0
p28,2030,2012,56,8625.0
p28,2030,2012,57,9283.0
p28,2030,2012,58,9565.0
p28,2030,2012,59,9498.0
p28,2030,2012,60,9421.0
p28,2030,2012,61,9296.0
p28,2030,2012,62,9194.0
p28,2030,2012,63,9011.0
p28,2030,2012,64,8894.0
p28,2030,2012,65,8778.0
p28,2030,2012,66,8709.0
p28,2030,2012,67,8762.0
p28,2030,2012,68,9186.0
p28,2030,2012,69,9669.0
p28,2030,2012,70,9620.0
p28,2030,2012,71,9490.0
p28,2030,2012,72,9273.0
p28,2030,2012,73,8831.0
p28,2030,2012,74,8424.0
p28,2030,2012,75,8195.0
p28,2030,2012,76,8172.0
p28,2030,2012,77,8258.0
p28,2030,2012,78,8379.0
p28,2030,2012,79,8584.0
p28,2030,2012,80,9122.0
p28,2030,2012,81,9829.0
p28,2030,2012,82,10142.0
p28,2030,2012,83,10003.0
p28,2030,2012,84,9722.0
p28,2030,2012,85,9532.0
p28,2030,2012,86,9271.0
p28,2030,2012,87,9053.0
p28,2030,2012,88,8846.0
p28,2030,2012,89,8746.0
p28,2030,2012,90,8694.0
p28,2030,2012,91,8800.0
p28,2030,2012,92,9192.0
p28,2030,2012,93,9612.0
p28,2030,2012,94,9611.0
p28,2030,2012,95,9473.0
p28,2030,2012,96,9168.0
p28,2030,2012,97,8740.0
p28,2030,2012,98,8292.0
p28,2030,2012,99,8074.0
p28,2030,2012,100,7991.0
p28,2030,2012,101,8047.0
p28,2030,2012,102,8137.0
p28,2030,2012,103,8435.0
p28,2030,2012,104,8890.0
p28,2030,2012,105,9726.0
p28,2030,2012,106,9953.0
p28,2030,2012,107,9767.0
p28,2030,2012,108,9520.0
p28,2030,2012,109,9352.0
p28,2030,2012,110,9113.0
p28,2030,2012,111,8948.0
p28,2030,2012,112,8814.0
p28,2030,2012,113,8684.0
p28,2030,2012,114,8667.0
p28,2030,2012,115,8729.0
p28,2030,2012,116,9116.0
p28,2030,2012,117,9571.0
p28,2030,2012,118,9611.0
p28,2030,2012,119,9471.0
p28,2030,2012,120,9252.0
p28,2030,2012,121,8840.0
p28,2030,2012,122,8473.0
p28,2030,2012,123,8271.0
p28,2030,2012,124,8346.0
p28,2030,2012,125,8418.0
p28,2030,2012,126,8490.0
p28,2030,2012,127,8755.0
p28,2030,2012,128,9310.0
p28,2030,2012,129,10065.0
p28,2030,2012,130,10331.0
p28,2030,2012,131,10183.0
p28,2030,2012,132,9969.0
p28,2030,2012,133,9697.0
p28,2030,2012,134,9378.0
p28,2030,2012,135,9065.0
p28,2030,2012,136,8838.0
p28,2030,2012,137,8753.0
p28,2030,2012,138,8688.0
p28,2030,2012,139,8714.0
p28,2030,2012,140,9077.0
p28,2030,2012,141,9480.0
p28,2030,2012,142,9443.0
p28,2030,2012,143,9361.0
p28,2030,2012,144,9185.0
p28,2030,2012,145,8911.0
p28,2030,2012,146,8600.0
p28,2030,2012,147,8395.0
p28,2030,2012,148,8279.0
p28,2030,2012,149,8246.0
p28,2030,2012,150,8313.0
p28,2030,2012,151,8441.0
p28,2030,2012,152,8745.0
p28,2030,2012,153,9122.0
p28,2030,2012,154,9504.0
p28,2030,2012,155,9665.0
p28,2030,2012,156,9573.0
p28,2030,2012,157,9365.0
p28,2030,2012,158,9066.0
p28,2030,2012,159,8732.0
p28,2030,2012,160,8470.0
p28,2030,2012,161,8320.0
p28,2030,2012,162,8203.0
p28,2030,2012,163,8283.0
p28,2030,2012,164,8727.0
p28,2030,2012,165,9135.0
p28,2030,2012,166,9047.0
p28,2030,2012,167,8978.0
p28,2030,2012,168,8837.0
p28,2030,2012,169,8551.0
p28,2030,2012,170,8289.0
p28,2030,2012,171,8176.0
p28,2030,2012,172,8154.0
p28,2030,2012,173,8152.0
p28,2030,2012,174,8196.0
p28,2030,2012,175,8331.0
p28,2030,2012,176,8538.0
p28,2030,2012,177,8878.0
p28,2030,2012,178,9204.0
p28,2030,2012,179,9437.0
p28,2030,2012,180,9411.0
p28,2030,2012,181,9365.0
p28,2030,2012,182,9134.0
p28,2030,2012,183,8939.0
p28,2030,2012,184,8689.0
p28,2030,2012,185,8529.0
p28,2030,2012,186,8490.0
p28,2030,2012,187,8642.0
p28,2030,2012,188,9074.0
p28,2030,2012,189,9618.0
p28,2030,2012,190,9637.0
p28,2030,2012,191,9477.0
p28,2030,2012,192,9265.0
p28,2030,2012,193,8919.0
p28,2030,2012,194,8559.0
p28,2030,2012,195,8509.0
p28,2030,2012,196,8595.0
p28,2030,2012,197,8758.0
p28,2030,2012,198,8839.0
p28,2030,2012,199,9061.0
p28,2030,2012,200,9705.0
p28,2030,2012,201,10636.0
p28,2030,2012,202,10841.0
p28,2030,2012,203,10577.0
p28,2030,2012,204,10296.0
p28,2030,2012,205,10080.0
p28,2030,2012,206,9716.0
p28,2030,2012,207,9405.0
p28,2030,2012,208,9277.0
p28,2030,2012,209,8961.0
p28,2030,2012,210,8859.0
p28,2030,2012,211,8933.0
p28,2030,2012,212,9422.0
p28,2030,2012,213,10012.0
p28,2030,2012,214,10041.0
p28,2030,2012,215,9926.0
p28,2030,2012,216,9788.0
p28,2030,2012,217,9299.0
p28,2030,2012,218,8937.0
p28,2030,2012,219,8877.0
p28,2030,2012,220,8846.0
p28,2030,2012,221,8978.0
p28,2030,2012,222,9074.0
p28,2030,2012,223,9332.0
p28,2030,2012,224,10039.0
p28,2030,2012,225,10798.0
p28,2030,2012,226,11029.0
p28,2030,2012,227,10712.0
p28,2030,2012,228,10362.0
p28,2030,2012,229,10014.0
p28,2030,2012,230,9647.0
p28,2030,2012,231,9284.0
p28,2030,2012,232,8998.0
p28,2030,2012,233,8783.0
p28,2030,2012,234,8680.0
p28,2030,2012,235,8780.0
p28,2030,2012,236,9222.0
p28,2030,2012,237,9741.0
p28,2030,2012,238,9759.0
p28,2030,2012,239,9714.0
p28,2030,2012,240,9550.0
p28,2045,2012,1,12440.0
p28,2045,2012,2,12249.0
p28,2045,2012,3,11847.0
p28,2045,2012,4,11992.0
p28,2045,2012,5,12040.0
p28,2045,2012,6,11903.0
p28,2045,2012,7,11738.0
p28,2045,2012,8,11930.0
p28,2045,2012,9,12249.0
p28,2045,2012,10,12300.0
p28,2045,2012,11,12523.0
p28,2045,2012,12,12524.0
p28,2045,2012,13,12547.0
p28,2045,2012,14,12432.0
p28,2045,2012,15,12273.0
p28,2045,2012,16,12112.0
p28,2045,2012,17,11986.0
p28,2045,2012,18,11927.0
p28,2045,2012,19,12082.0
p28,2045,2012,20,12672.0
p28,2045,2012,21,13238.0
p28,2045,2012,22,13154.0
p28,2045,2012,23,12933.0
p28,2045,2012,24,12590.0
p28,2045,2012,25,12136.0
p28,2045,2012,26,11706.0
p28,2045,2012,27,11783.0
p28,2045,2012,28,12102.0
p28,2045,2012,29,12284.0
p28,2045,2012,30,12014.0
p28,2045,2012,31,11732.0
p28,2045,2012,32,12024.0
p28,2045,2012,33,12379.0
p28,2045,2012,34,12525.0
p28,2045,2012,35,12640.0
p28,2045,2012,36,12953.0
p28,2045,2012,37,13275.0
p28,2045,2012,38,13460.0
p28,2045,2012,39,13443.0
p28,2045,2012,40,13340.0
p28,2045,2012,41,13220.0
p28,2045,2012,42,13238.0
p28,2045,2012,43,13355.0
p28,2045,2012,44,13917.0
p28,2045,2012,45,14506.0
p28,2045,2012,46,14492.0
p28,2045,2012,47,14212.0
p28,2045,2012,48,13807.0
p28,2045,2012,49,13220.0
p28,2045,2012,50,12602.0
p28,2045,2012,51,12180.0
p28,2045,2012,52,11977.0
p28,2045,2012,53,12105.0
p28,2045,2012,54,11935.0
p28,2045,2012,55,11861.0
p28,2045,2012,56,12369.0
p28,2045,2012,57,13043.0
p28,2045,2012,58,13267.0
p28,2045,2012,59,13195.0
p28,2045,2012,60,13280.0
p28,2045,2012,61,13349.0
p28,2045,2012,62,13444.0
p28,2045,2012,63,13342.0
p28,2045,2012,64,13242.0
p28,2045,2012,65,13101.0
p28,2045,2012,66,13058.0
p28,2045,2012,67,13148.0
p28,2045,2012,68,13662.0
p28,2045,2012,69,14314.0
p28,2045,2012,70,14292.0
p28,2045,2012,71,14054.0
p28,2045,2012,72,13728.0
p28,2045,2012,73,13145.0
p28,2045,2012,74,12596.0
p28,2045,2012,75,12247.0
p28,2045,2012,76,12259.0
p28,2045,2012,77,12462.0
p28,2045,2012,78,12432.0
p28,2045,2012,79,12390.0
p28,2045,2012,80,12953.0
p28,2045,2012,81,13682.0
p28,2045,2012,82,13963.0
p28,2045,2012,83,13837.0
p28,2045,2012,84,13686.0
p28,2045,2012,85,13645.0
p28,2045,2012,86,13542.0
p28,2045,2012,87,13387.0
p28,2045,2012,88,13191.0
p28,2045,2012,89,13070.0
p28,2045,2012,90,13047.0
p28,2045,2012,91,13208.0
p28,2045,2012,92,13695.0
p28,2045,2012,93,14278.0
p28,2045,2012,94,14292.0
p28,2045,2012,95,14046.0
p28,2045,2012,96,13615.0
p28,2045,2012,97,13053.0
p28,2045,2012,98,12451.0
p28,2045,2012,99,12117.0
p28,2045,2012,100,12053.0
p28,2045,2012,101,12223.0
p28,2045,2012,102,12161.0
p28,2045,2012,103,12213.0
p28,2045,2012,104,12672.0
p28,2045,2012,105,13550.0
p28,2045,2012,106,13714.0
p28,2045,2012,107,13515.0
p28,2045,2012,108,13407.0
p28,2045,2012,109,13416.0
p28,2045,2012,110,13357.0
p28,2045,2012,111,13278.0
p28,2045,2012,112,13152.0
p28,2045,2012,113,13005.0
p28,2045,2012,114,13018.0
p28,2045,2012,115,13130.0
p28,2045,2012,116,13610.0
p28,2045,2012,117,14228.0
p28,2045,2012,118,14292.0
p28,2045,2012,119,14045.0
p28,2045,2012,120,13702.0
p28,2045,2012,121,13161.0
p28,2045,2012,122,12658.0
p28,2045,2012,123,12388.0
p28,2045,2012,124,12627.0
p28,2045,2012,125,12849.0
p28,2045,2012,126,12733.0
p28,2045,2012,127,12682.0
p28,2045,2012,128,13264.0
p28,2045,2012,129,14036.0
p28,2045,2012,130,14241.0
p28,2045,2012,131,14116.0
p28,2045,2012,132,14087.0
p28,2045,2012,133,14015.0
p28,2045,2012,134,13900.0
p28,2045,2012,135,13666.0
p28,2045,2012,136,13446.0
p28,2045,2012,137,13346.0
p28,2045,2012,138,13303.0
p28,2045,2012,139,13388.0
p28,2045,2012,140,13833.0
p28,2045,2012,141,14401.0
p28,2045,2012,142,14377.0
p28,2045,2012,143,14184.0
p28,2045,2012,144,13861.0
p28,2045,2012,145,13438.0
p28,2045,2012,146,12966.0
p28,2045,2012,147,12406.0
p28,2045,2012,148,12017.0
p28,2045,2012,149,12046.0
p28,2045,2012,150,11998.0
p28,2045,2012,151,11931.0
p28,2045,2012,152,12252.0
p28,2045,2012,153,12630.0
p28,2045,2012,154,13013.0
p28,2045,2012,155,13214.0
p28,2045,2012,156,13239.0
p28,2045,2012,157,13161.0
p28,2045,2012,158,12924.0
p28,2045,2012,159,12636.0
p28,2045,2012,160,12378.0
p28,2045,2012,161,12221.0
p28,2045,2012,162,12095.0
p28,2045,2012,163,12231.0
p28,2045,2012,164,12760.0
p28,2045,2012,165,13284.0
p28,2045,2012,166,13205.0
p28,2045,2012,167,13065.0
p28,2045,2012,168,12810.0
p28,2045,2012,169,12424.0
p28,2045,2012,170,12059.0
p28,2045,2012,171,11892.0
p28,2045,2012,172,11884.0
p28,2045,2012,173,11948.0
p28,2045,2012,174,11884.0
p28,2045,2012,175,11825.0
p28,2045,2012,176,12028.0
p28,2045,2012,177,12392.0
p28,2045,2012,178,12707.0
p28,2045,2012,179,13003.0
p28,2045,2012,180,13118.0
p28,2045,2012,181,13228.0
p28,2045,2012,182,13070.0
p28,2045,2012,183,12932.0
p28,2045,2012,184,12670.0
p28,2045,2012,185,12496.0
p28,2045,2012,186,12445.0
p28,2045,2012,187,12642.0
p28,2045,2012,188,13172.0
p28,2045,2012,189,13826.0
p28,2045,2012,190,13852.0
p28,2045,2012,191,13627.0
p28,2045,2012,192,13292.0
p28,2045,2012,193,12841.0
p28,2045,2012,194,12369.0
p28,2045,2012,195,12499.0
p28,2045,2012,196,12951.0
p28,2045,2012,197,13268.0
p28,2045,2012,198,13162.0
p28,2045,2012,199,13055.0
p28,2045,2012,200,13740.0
p28,2045,2012,201,14714.0
p28,2045,2012,202,14860.0
p28,2045,2012,203,14591.0
p28,2045,2012,204,14496.0
p28,2045,2012,205,14524.0
p28,2045,2012,206,14360.0
p28,2045,2012,207,14096.0
p28,2045,2012,208,13976.0
p28,2045,2012,209,13599.0
p28,2045,2012,210,13518.0
p28,2045,2012,211,13636.0
p28,2045,2012,212,14218.0
p28,2045,2012,213,14977.0
p28,2045,2012,214,15029.0
p28,2045,2012,215,14802.0
p28,2045,2012,216,14529.0
p28,2045,2012,217,13882.0
p28,2045,2012,218,13355.0
p28,2045,2012,219,13135.0
p28,2045,2012,220,13023.0
p28,2045,2012,221,13302.0
p28,2045,2012,222,13246.0
p28,2045,2012,223,13249.0
p28,2045,2012,224,14009.0
p28,2045,2012,225,14796.0
p28,2045,2012,226,15011.0
p28,2045,2012,227,14702.0
p28,2045,2012,228,14482.0
p28,2045,2012,229,14273.0
p28,2045,2012,230,14047.0
p28,2045,2012,231,13696.0
p28,2045,2012,232,13376.0
p28,2045,2012,233,13125.0
p28,2045,2012,234,13037.0
p28,2045,2012,235,13178.0
p28,2045,2012,236,13711.0
p28,2045,2012,237,14397.0
p28,2045,2012,238,14450.0
p28,2045,2012,239,14314.0
p28,2045,2012,240,14037.0
p29,2030,2012,1,140.0
p29,2030,2012,2,138.0
p29,2030,2012,3,131.0
p29,2030,2012,4,133.0
p29,2030,2012,5,132.0
p29,2030,2012,6,132.0
p29,2030,2012,7,133.0
p29,2030,2012,8,136.0
p29,2030,2012,9,141.0
p29,2030,2012,10,142.0
p29,2030,2012,11,146.0
p29,2030,2012,12,143.0
p29,2030,2012,13,142.0
p29,2030,2012,14,138.0
p29,2030,2012,15,135.0
p29,2030,2012,16,132.0
p29,2030,2012,17,130.0
p29,2030,2012,18,129.0
p29,2030,2012,19,130.0
p29,2030,2012,20,138.0
p29,2030,2012,21,146.0
p29,2030,2012,22,144.0
p29,2030,2012,23,142.0
p29,2030,2012,24,139.0
p29,2030,2012,25,133.0
p29,2030,2012,26,128.0
p29,2030,2012,27,127.0
p29,2030,2012,28,127.0
p29,2030,2012,29,128.0
p29,2030,2012,30,127.0
p29,2030,2012,31,128.0
p29,2030,2012,32,132.0
p29,2030,2012,33,138.0
p29,2030,2012,34,142.0
p29,2030,2012,35,143.0
p29,2030,2012,36,146.0
p29,2030,2012,37,147.0
p29,2030,2012,38,144.0
p29,2030,2012,39,142.0
p29,2030,2012,40,140.0
p29,2030,2012,41,139.0
p29,2030,2012,42,139.0
p29,2030,2012,43,140.0
p29,2030,2012,44,147.0
p29,2030,2012,45,154.0
p29,2030,2012,46,153.0
p29,2030,2012,47,151.0
p29,2030,2012,48,147.0
p29,2030,2012,49,140.0
p29,2030,2012,50,133.0
p29,2030,2012,51,129.0
p29,2030,2012,52,127.0
p29,2030,2012,53,128.0
p29,2030,2012,54,128.0
p29,2030,2012,55,131.0
p29,2030,2012,56,139.0
p29,2030,2012,57,150.0
p29,2030,2012,58,154.0
p29,2030,2012,59,153.0
p29,2030,2012,60,152.0
p29,2030,2012,61,150.0
p29,2030,2012,62,148.0
p29,2030,2012,63,146.0
p29,2030,2012,64,143.0
p29,2030,2012,65,141.0
p29,2030,2012,66,140.0
p29,2030,2012,67,141.0
p29,2030,2012,68,148.0
p29,2030,2012,69,155.0
p29,2030,2012,70,155.0
p29,2030,2012,71,153.0
p29,2030,2012,72,149.0
p29,2030,2012,73,142.0
p29,2030,2012,74,136.0
p29,2030,2012,75,132.0
p29,2030,2012,76,131.0
p29,2030,2012,77,133.0
p29,2030,2012,78,135.0
p29,2030,2012,79,138.0
p29,2030,2012,80,147.0
p29,2030,2012,81,159.0
p29,2030,2012,82,163.0
p29,2030,2012,83,161.0
p29,2030,2012,84,156.0
p29,2030,2012,85,153.0
p29,2030,2012,86,149.0
p29,2030,2012,87,146.0
p29,2030,2012,88,142.0
p29,2030,2012,89,141.0
p29,2030,2012,90,140.0
p29,2030,2012,91,142.0
p29,2030,2012,92,148.0
p29,2030,2012,93,155.0
p29,2030,2012,94,155.0
p29,2030,2012,95,153.0
p29,2030,2012,96,148.0
p29,2030,2012,97,141.0
p29,2030,2012,98,133.0
p29,2030,2012,99,130.0
p29,2030,2012,100,129.0
p29,2030,2012,101,129.0
p29,2030,2012,102,131.0
p29,2030,2012,103,136.0
p29,2030,2012,104,143.0
p29,2030,2012,105,156.0
p29,2030,2012,106,160.0
p29,2030,2012,107,158.0
p29,2030,2012,108,153.0
p29,2030,2012,109,151.0
p29,2030,2012,110,147.0
p29,2030,2012,111,144.0
p29,2030,2012,112,142.0
p29,2030,2012,113,140.0
p29,2030,2012,114,140.0
p29,2030,2012,115,140.0
p29,2030,2012,116,147.0
p29,2030,2012,117,154.0
p29,2030,2012,118,155.0
p29,2030,2012,119,152.0
p29,2030,2012,120,149.0
p29,2030,2012,121,142.0
p29,2030,2012,122,137.0
p29,2030,2012,123,133.0
p29,2030,2012,124,135.0
p29,2030,2012,125,136.0
p29,2030,2012,126,137.0
p29,2030,2012,127,141.0
p29,2030,2012,128,150.0
p29,2030,2012,129,162.0
p29,2030,2012,130,166.0
p29,2030,2012,131,164.0
p29,2030,2012,132,161.0
p29,2030,2012,133,156.0
p29,2030,2012,134,151.0
p29,2030,2012,135,146.0
p29,2030,2012,136,142.0
p29,2030,2012,137,141.0
p29,2030,2012,138,140.0
p29,2030,2012,139,140.0
p29,2030,2012,140,147.0
p29,2030,2012,141,153.0
p29,2030,2012,142,152.0
p29,2030,2012,143,151.0
p29,2030,2012,144,148.0
p29,2030,2012,145,143.0
p29,2030,2012,146,139.0
p29,2030,2012,147,136.0
p29,2030,2012,148,133.0
p29,2030,2012,149,132.0
p29,2030,2012,150,133.0
p29,2030,2012,151,136.0
p29,2030,2012,152,141.0
p29,2030,2012,153,147.0
p29,2030,2012,154,153.0
p29,2030,2012,155,155.0
p29,2030,2012,156,154.0
p29,2030,2012,157,151.0
p29,2030,2012,158,147.0
p29,2030,2012,159,140.0
p29,2030,2012,160,137.0
p29,2030,2012,161,133.0
p29,2030,2012,162,132.0
p29,2030,2012,163,133.0
p29,2030,2012,164,140.0
p29,2030,2012,165,147.0
p29,2030,2012,166,146.0
p29,2030,2012,167,144.0
p29,2030,2012,168,142.0
p29,2030,2012,169,138.0
p29,2030,2012,170,133.0
p29,2030,2012,171,131.0
p29,2030,2012,172,131.0
p29,2030,2012,173,131.0
p29,2030,2012,174,132.0
p29,2030,2012,175,135.0
p29,2030,2012,176,138.0
p29,2030,2012,177,143.0
p29,2030,2012,178,149.0
p29,2030,2012,179,152.0
p29,2030,2012,180,152.0
p29,2030,2012,181,151.0
p29,2030,2012,182,147.0
p29,2030,2012,183,144.0
p29,2030,2012,184,140.0
p29,2030,2012,185,138.0
p29,2030,2012,186,137.0
p29,2030,2012,187,139.0
p29,2030,2012,188,147.0
p29,2030,2012,189,155.0
p29,2030,2012,190,155.0
p29,2030,2012,191,153.0
p29,2030,2012,192,149.0
p29,2030,2012,193,143.0
p29,2030,2012,194,138.0
p29,2030,2012,195,137.0
p29,2030,2012,196,138.0
p29,2030,2012,197,141.0
p29,2030,2012,198,142.0
p29,2030,2012,199,146.0
p29,2030,2012,200,156.0
p29,2030,2012,201,172.0
p29,2030,2012,202,175.0
p29,2030,2012,203,171.0
p29,2030,2012,204,166.0
p29,2030,2012,205,162.0
p29,2030,2012,206,156.0
p29,2030,2012,207,151.0
p29,2030,2012,208,150.0
p29,2030,2012,209,144.0
p29,2030,2012,210,142.0
p29,2030,2012,211,144.0
p29,2030,2012,212,152.0
p29,2030,2012,213,161.0
p29,2030,2012,214,162.0
p29,2030,2012,215,160.0
p29,2030,2012,216,158.0
p29,2030,2012,217,150.0
p29,2030,2012,218,144.0
p29,2030,2012,219,143.0
p29,2030,2012,220,142.0
p29,2030,2012,221,144.0
p29,2030,2012,222,147.0
p29,2030,2012,223,150.0
p29,2030,2012,224,162.0
p29,2030,2012,225,174.0
p29,2030,2012,226,177.0
p29,2030,2012,227,173.0
p29,2030,2012,228,166.0
p29,2030,2012,229,161.0
p29,2030,2012,230,155.0
p29,2030,2012,231,150.0
p29,2030,2012,232,144.0
p29,2030,2012,233,141.0
p29,2030,2012,234,140.0
p29,2030,2012,235,141.0
p29,2030,2012,236,149.0
p29,2030,2012,237,156.0
p29,2030,2012,238,158.0
p29,2030,2012,239,156.0
p29,2030,2012,240,154.0
p29,2045,2012,1,187.0
p29,2045,2012,2,184.0
p29,2045,2012,3,177.0
p29,2045,2012,4,180.0
p29,2045,2012,5,181.0
p29,2045,2012,6,178.0
p29,2045,2012,7,176.0
p29,2045,2012,8,178.0
p29,2045,2012,9,184.0
p29,2045,2012,10,185.0
p29,2045,2012,11,188.0
p29,2045,2012,12,188.0
p29,2045,2012,13,188.0
p29,2045,2012,14,186.0
p29,2045,2012,15,184.0
p29,2045,2012,16,182.0
p29,2045,2012,17,180.0
p29,2045,2012,18,178.0
p29,2045,2012,19,182.0
p29,2045,2012,20,190.0
p29,2045,2012,21,199.0
p29,2045,2012,22,198.0
p29,2045,2012,23,194.0
p29,2045,2012,24,189.0
p29,2045,2012,25,182.0
p29,2045,2012,26,175.0
p29,2045,2012,27,176.0
p29,2045,2012,28,182.0
p29,2045,2012,29,184.0
p29,2045,2012,30,181.0
p29,2045,2012,31,176.0
p29,2045,2012,32,181.0
p29,2045,2012,33,186.0
p29,2045,2012,34,188.0
p29,2045,2012,35,189.0
p29,2045,2012,36,194.0
p29,2045,2012,37,199.0
p29,2045,2012,38,202.0
p29,2045,2012,39,202.0
p29,2045,2012,40,200.0
p29,2045,2012,41,199.0
p29,2045,2012,42,199.0
p29,2045,2012,43,200.0
p29,2045,2012,44,208.0
p29,2045,2012,45,218.0
p29,2045,2012,46,217.0
p29,2045,2012,47,213.0
p29,2045,2012,48,207.0
p29,2045,2012,49,199.0
p29,2045,2012,50,189.0
p29,2045,2012,51,183.0
p29,2045,2012,52,180.0
p29,2045,2012,53,182.0
p29,2045,2012,54,180.0
p29,2045,2012,55,177.0
p29,2045,2012,56,186.0
p29,2045,2012,57,196.0
p29,2045,2012,58,199.0
p29,2045,2012,59,198.0
p29,2045,2012,60,199.0
p29,2045,2012,61,200.0
p29,2045,2012,62,202.0
p29,2045,2012,63,200.0
p29,2045,2012,64,199.0
p29,2045,2012,65,197.0
p29,2045,2012,66,196.0
p29,2045,2012,67,197.0
p29,2045,2012,68,205.0
p29,2045,2012,69,215.0
p29,2045,2012,70,214.0
p29,2045,2012,71,210.0
p29,2045,2012,72,206.0
p29,2045,2012,73,197.0
p29,2045,2012,74,189.0
p29,2045,2012,75,184.0
p29,2045,2012,76,184.0
p29,2045,2012,77,187.0
p29,2045,2012,78,186.0
p29,2045,2012,79,186.0
p29,2045,2012,80,194.0
p29,2045,2012,81,205.0
p29,2045,2012,82,209.0
p29,2045,2012,83,207.0
p29,2045,2012,84,205.0
p29,2045,2012,85,205.0
p29,2045,2012,86,203.0
p29,2045,2012,87,201.0
p29,2045,2012,88,198.0
p29,2045,2012,89,196.0
p29,2045,2012,90,196.0
p29,2045,2012,91,198.0
p29,2045,2012,92,205.0
p29,2045,2012,93,214.0
p29,2045,2012,94,214.0
p29,2045,2012,95,210.0
p29,2045,2012,96,204.0
p29,2045,2012,97,196.0
p29,2045,2012,98,187.0
p29,2045,2012,99,182.0
p29,2045,2012,100,181.0
p29,2045,2012,101,184.0
p29,2045,2012,102,183.0
p29,2045,2012,103,183.0
p29,2045,2012,104,190.0
p29,2045,2012,105,203.0
p29,2045,2012,106,205.0
p29,2045,2012,107,203.0
p29,2045,2012,108,201.0
p29,2045,2012,109,201.0
p29,2045,2012,110,200.0
p29,2045,2012,111,199.0
p29,2045,2012,112,198.0
p29,2045,2012,113,194.0
p29,2045,2012,114,196.0
p29,2045,2012,115,197.0
p29,2045,2012,116,204.0
p29,2045,2012,117,214.0
p29,2045,2012,118,214.0
p29,2045,2012,119,210.0
p29,2045,2012,120,205.0
p29,2045,2012,121,198.0
p29,2045,2012,122,190.0
p29,2045,2012,123,186.0
p29,2045,2012,124,189.0
p29,2045,2012,125,192.0
p29,2045,2012,126,191.0
p29,2045,2012,127,190.0
p29,2045,2012,128,199.0
p29,2045,2012,129,210.0
p29,2045,2012,130,214.0
p29,2045,2012,131,212.0
p29,2045,2012,132,212.0
p29,2045,2012,133,210.0
p29,2045,2012,134,208.0
p29,2045,2012,135,205.0
p29,2045,2012,136,202.0
p29,2045,2012,137,200.0
p29,2045,2012,138,200.0
p29,2045,2012,139,201.0
p29,2045,2012,140,207.0
p29,2045,2012,141,216.0
p29,2045,2012,142,216.0
p29,2045,2012,143,213.0
p29,2045,2012,144,207.0
p29,2045,2012,145,202.0
p29,2045,2012,146,194.0
p29,2045,2012,147,186.0
p29,2045,2012,148,181.0
p29,2045,2012,149,181.0
p29,2045,2012,150,180.0
p29,2045,2012,151,178.0
p29,2045,2012,152,184.0
p29,2045,2012,153,189.0
p29,2045,2012,154,196.0
p29,2045,2012,155,198.0
p29,2045,2012,156,199.0
p29,2045,2012,157,198.0
p29,2045,2012,158,193.0
p29,2045,2012,159,189.0
p29,2045,2012,160,186.0
p29,2045,2012,161,184.0
p29,2045,2012,162,182.0
p29,2045,2012,163,184.0
p29,2045,2012,164,191.0
p29,2045,2012,165,199.0
p29,2045,2012,166,198.0
p29,2045,2012,167,196.0
p29,2045,2012,168,192.0
p29,2045,2012,169,186.0
p29,2045,2012,170,181.0
p29,2045,2012,171,178.0
p29,2045,2012,172,178.0
p29,2045,2012,173,180.0
p29,2045,2012,174,178.0
p29,2045,2012,175,177.0
p29,2045,2012,176,181.0
p29,2045,2012,177,186.0
p29,2045,2012,178,190.0
p29,2045,2012,179,194.0
p29,2045,2012,180,197.0
p29,2045,2012,181,199.0
p29,2045,2012,182,196.0
p29,2045,2012,183,194.0
p29,2045,2012,184,190.0
p29,2045,2012,185,187.0
p29,2045,2012,186,187.0
p29,2045,2012,187,189.0
p29,2045,2012,188,198.0
p29,2045,2012,189,207.0
p29,2045,2012,190,207.0
p29,2045,2012,191,204.0
p29,2045,2012,192,199.0
p29,2045,2012,193,192.0
p29,2045,2012,194,186.0
p29,2045,2012,195,187.0
p29,2045,2012,196,194.0
p29,2045,2012,197,199.0
p29,2045,2012,198,198.0
p29,2045,2012,199,196.0
p29,2045,2012,200,206.0
p29,2045,2012,201,220.0
p29,2045,2012,202,222.0
p29,2045,2012,203,219.0
p29,2045,2012,204,217.0
p29,2045,2012,205,218.0
p29,2045,2012,206,216.0
p29,2045,2012,207,212.0
p29,2045,2012,208,209.0
p29,2045,2012,209,204.0
p29,2045,2012,210,203.0
p29,2045,2012,211,204.0
p29,2045,2012,212,214.0
p29,2045,2012,213,224.0
p29,2045,2012,214,225.0
p29,2045,2012,215,222.0
p29,2045,2012,216,218.0
p29,2045,2012,217,208.0
p29,2045,2012,218,200.0
p29,2045,2012,219,197.0
p29,2045,2012,220,196.0
p29,2045,2012,221,200.0
p29,2045,2012,222,199.0
p29,2045,2012,223,199.0
p29,2045,2012,224,210.0
p29,2045,2012,225,222.0
p29,2045,2012,226,225.0
p29,2045,2012,227,220.0
p29,2045,2012,228,217.0
p29,2045,2012,229,214.0
p29,2045,2012,230,210.0
p29,2045,2012,231,205.0
p29,2045,2012,232,201.0
p29,2045,2012,233,197.0
p29,2045,2012,234,196.0
p29,2045,2012,235,198.0
p29,2045,2012,236,205.0
p29,2045,2012,237,216.0
p29,2045,2012,238,217.0
p29,2045,2012,239,215.0
p29,2045,2012,240,210.0
p30,2030,2012,1,1474.0
p30,2030,2012,2,1445.0
p30,2030,2012,3,1381.0
p30,2030,2012,4,1400.0
p30,2030,2012,5,1397.0
p30,2030,2012,6,1394.0
p30,2030,2012,7,1400.0
p30,2030,2012,8,1432.0
p30,2030,2012,9,1483.0
p30,2030,2012,10,1496.0
p30,2030,2012,11,1528.0
p30,2030,2012,12,1509.0
p30,2030,2012,13,1490.0
p30,2030,2012,14,1454.0
p30,2030,2012,15,1416.0
p30,2030,2012,16,1387.0
p30,2030,2012,17,1365.0
p30,2030,2012,18,1352.0
p30,2030,2012,19,1368.0
p30,2030,2012,20,1451.0
p30,2030,2012,21,1531.0
p30,2030,2012,22,1518.0
p30,2030,2012,23,1493.0
p30,2030,2012,24,1458.0
p30,2030,2012,25,1400.0
p30,2030,2012,26,1346.0
p30,2030,2012,27,1333.0
p30,2030,2012,28,1333.0
p30,2030,2012,29,1339.0
p30,2030,2012,30,1330.0
p30,2030,2012,31,1342.0
p30,2030,2012,32,1390.0
p30,2030,2012,33,1451.0
p30,2030,2012,34,1490.0
p30,2030,2012,35,1512.0
p30,2030,2012,36,1528.0
p30,2030,2012,37,1534.0
p30,2030,2012,38,1521.0
p30,2030,2012,39,1499.0
p30,2030,2012,40,1477.0
p30,2030,2012,41,1458.0
p30,2030,2012,42,1454.0
p30,2030,2012,43,1467.0
p30,2030,2012,44,1547.0
p30,2030,2012,45,1621.0
p30,2030,2012,46,1614.0
p30,2030,2012,47,1589.0
p30,2030,2012,48,1547.0
p30,2030,2012,49,1474.0
p30,2030,2012,50,1400.0
p30,2030,2012,51,1358.0
p30,2030,2012,52,1339.0
p30,2030,2012,53,1346.0
p30,2030,2012,54,1342.0
p30,2030,2012,55,1378.0
p30,2030,2012,56,1461.0
p30,2030,2012,57,1573.0
p30,2030,2012,58,1617.0
p30,2030,2012,59,1608.0
p30,2030,2012,60,1595.0
p30,2030,2012,61,1573.0
p30,2030,2012,62,1557.0
p30,2030,2012,63,1525.0
p30,2030,2012,64,1506.0
p30,2030,2012,65,1486.0
p30,2030,2012,66,1474.0
p30,2030,2012,67,1483.0
p30,2030,2012,68,1553.0
p30,2030,2012,69,1637.0
p30,2030,2012,70,1627.0
p30,2030,2012,71,1605.0
p30,2030,2012,72,1569.0
p30,2030,2012,73,1496.0
p30,2030,2012,74,1426.0
p30,2030,2012,75,1387.0
p30,2030,2012,76,1384.0
p30,2030,2012,77,1397.0
p30,2030,2012,78,1419.0
p30,2030,2012,79,1451.0
p30,2030,2012,80,1544.0
p30,2030,2012,81,1662.0
p30,2030,2012,82,1716.0
p30,2030,2012,83,1694.0
p30,2030,2012,84,1646.0
p30,2030,2012,85,1614.0
p30,2030,2012,86,1569.0
p30,2030,2012,87,1531.0
p30,2030,2012,88,1496.0
p30,2030,2012,89,1480.0
p30,2030,2012,90,1470.0
p30,2030,2012,91,1490.0
p30,2030,2012,92,1557.0
p30,2030,2012,93,1627.0
p30,2030,2012,94,1627.0
p30,2030,2012,95,1601.0
p30,2030,2012,96,1550.0
p30,2030,2012,97,1480.0
p30,2030,2012,98,1403.0
p30,2030,2012,99,1368.0
p30,2030,2012,100,1352.0
p30,2030,2012,101,1362.0
p30,2030,2012,102,1378.0
p30,2030,2012,103,1426.0
p30,2030,2012,104,1506.0
p30,2030,2012,105,1646.0
p30,2030,2012,106,1685.0
p30,2030,2012,107,1653.0
p30,2030,2012,108,1611.0
p30,2030,2012,109,1582.0
p30,2030,2012,110,1541.0
p30,2030,2012,111,1515.0
p30,2030,2012,112,1493.0
p30,2030,2012,113,1470.0
p30,2030,2012,114,1467.0
p30,2030,2012,115,1477.0
p30,2030,2012,116,1544.0
p30,2030,2012,117,1621.0
p30,2030,2012,118,1627.0
p30,2030,2012,119,1601.0
p30,2030,2012,120,1566.0
p30,2030,2012,121,1496.0
p30,2030,2012,122,1435.0
p30,2030,2012,123,1400.0
p30,2030,2012,124,1413.0
p30,2030,2012,125,1426.0
p30,2030,2012,126,1438.0
p30,2030,2012,127,1483.0
p30,2030,2012,128,1576.0
p30,2030,2012,129,1704.0
p30,2030,2012,130,1748.0
p30,2030,2012,131,1723.0
p30,2030,2012,132,1688.0
p30,2030,2012,133,1640.0
p30,2030,2012,134,1585.0
p30,2030,2012,135,1534.0
p30,2030,2012,136,1496.0
p30,2030,2012,137,1480.0
p30,2030,2012,138,1470.0
p30,2030,2012,139,1474.0
p30,2030,2012,140,1537.0
p30,2030,2012,141,1605.0
p30,2030,2012,142,1598.0
p30,2030,2012,143,1585.0
p30,2030,2012,144,1553.0
p30,2030,2012,145,1509.0
p30,2030,2012,146,1454.0
p30,2030,2012,147,1419.0
p30,2030,2012,148,1400.0
p30,2030,2012,149,1397.0
p30,2030,2012,150,1406.0
p30,2030,2012,151,1429.0
p30,2030,2012,152,1480.0
p30,2030,2012,153,1544.0
p30,2030,2012,154,1608.0
p30,2030,2012,155,1637.0
p30,2030,2012,156,1621.0
p30,2030,2012,157,1585.0
p30,2030,2012,158,1534.0
p30,2030,2012,159,1477.0
p30,2030,2012,160,1432.0
p30,2030,2012,161,1406.0
p30,2030,2012,162,1387.0
p30,2030,2012,163,1400.0
p30,2030,2012,164,1477.0
p30,2030,2012,165,1547.0
p30,2030,2012,166,1531.0
p30,2030,2012,167,1518.0
p30,2030,2012,168,1496.0
p30,2030,2012,169,1448.0
p30,2030,2012,170,1403.0
p30,2030,2012,171,1384.0
p30,2030,2012,172,1381.0
p30,2030,2012,173,1381.0
p30,2030,2012,174,1387.0
p30,2030,2012,175,1410.0
p30,2030,2012,176,1445.0
p30,2030,2012,177,1502.0
p30,2030,2012,178,1557.0
p30,2030,2012,179,1598.0
p30,2030,2012,180,1592.0
p30,2030,2012,181,1585.0
p30,2030,2012,182,1547.0
p30,2030,2012,183,1512.0
p30,2030,2012,184,1470.0
p30,2030,2012,185,1445.0
p30,2030,2012,186,1438.0
p30,2030,2012,187,1464.0
p30,2030,2012,188,1534.0
p30,2030,2012,189,1627.0
p30,2030,2012,190,1630.0
p30,2030,2012,191,1605.0
p30,2030,2012,192,1566.0
p30,2030,2012,193,1509.0
p30,2030,2012,194,1448.0
p30,2030,2012,195,1438.0
p30,2030,2012,196,1454.0
p30,2030,2012,197,1483.0
p30,2030,2012,198,1496.0
p30,2030,2012,199,1534.0
p30,2030,2012,200,1643.0
p30,2030,2012,201,1800.0
p30,2030,2012,202,1835.0
p30,2030,2012,203,1790.0
p30,2030,2012,204,1742.0
p30,2030,2012,205,1707.0
p30,2030,2012,206,1643.0
p30,2030,2012,207,1592.0
p30,2030,2012,208,1569.0
p30,2030,2012,209,1515.0
p30,2030,2012,210,1499.0
p30,2030,2012,211,1512.0
p30,2030,2012,212,1595.0
p30,2030,2012,213,1694.0
p30,2030,2012,214,1700.0
p30,2030,2012,215,1681.0
p30,2030,2012,216,1656.0
p30,2030,2012,217,1573.0
p30,2030,2012,218,1512.0
p30,2030,2012,219,1502.0
p30,2030,2012,220,1496.0
p30,2030,2012,221,1518.0
p30,2030,2012,222,1534.0
p30,2030,2012,223,1579.0
p30,2030,2012,224,1700.0
p30,2030,2012,225,1828.0
p30,2030,2012,226,1867.0
p30,2030,2012,227,1812.0
p30,2030,2012,228,1755.0
p30,2030,2012,229,1694.0
p30,2030,2012,230,1633.0
p30,2030,2012,231,1573.0
p30,2030,2012,232,1521.0
p30,2030,2012,233,1486.0
p30,2030,2012,234,1470.0
p30,2030,2012,235,1486.0
p30,2030,2012,236,1560.0
p30,2030,2012,237,1649.0
p30,2030,2012,238,1653.0
p30,2030,2012,239,1643.0
p30,2030,2012,240,1617.0
p30,2045,2012,1,1632.0
p30,2045,2012,2,1606.0
p30,2045,2012,3,1554.0
p30,2045,2012,4,1573.0
p30,2045,2012,5,1580.0
p30,2045,2012,6,1562.0
p30,2045,2012,7,1539.0
p30,2045,2012,8,1565.0
p30,2045,2012,9,1606.0
p30,2045,2012,10,1614.0
p30,2045,2012,11,1643.0
p30,2045,2012,12,1643.0
p30,2045,2012,13,1645.0
p30,2045,2012,14,1630.0
p30,2045,2012,15,1609.0
p30,2045,2012,16,1588.0
p30,2045,2012,17,1573.0
p30,2045,2012,18,1565.0
p30,2045,2012,19,1586.0
p30,2045,2012,20,1663.0
p30,2045,2012,21,1736.0
p30,2045,2012,22,1726.0
p30,2045,2012,23,1697.0
p30,2045,2012,24,1650.0
p30,2045,2012,25,1591.0
p30,2045,2012,26,1536.0
p30,2045,2012,27,1547.0
p30,2045,2012,28,1588.0
p30,2045,2012,29,1612.0
p30,2045,2012,30,1575.0
p30,2045,2012,31,1539.0
p30,2045,2012,32,1578.0
p30,2045,2012,33,1624.0
p30,2045,2012,34,1643.0
p30,2045,2012,35,1658.0
p30,2045,2012,36,1700.0
p30,2045,2012,37,1741.0
p30,2045,2012,38,1765.0
p30,2045,2012,39,1762.0
p30,2045,2012,40,1749.0
p30,2045,2012,41,1734.0
p30,2045,2012,42,1736.0
p30,2045,2012,43,1752.0
p30,2045,2012,44,1825.0
p30,2045,2012,45,1903.0
p30,2045,2012,46,1900.0
p30,2045,2012,47,1864.0
p30,2045,2012,48,1812.0
p30,2045,2012,49,1734.0
p30,2045,2012,50,1653.0
p30,2045,2012,51,1599.0
p30,2045,2012,52,1570.0
p30,2045,2012,53,1588.0
p30,2045,2012,54,1565.0
p30,2045,2012,55,1557.0
p30,2045,2012,56,1622.0
p30,2045,2012,57,1710.0
p30,2045,2012,58,1741.0
p30,2045,2012,59,1731.0
p30,2045,2012,60,1741.0
p30,2045,2012,61,1752.0
p30,2045,2012,62,1762.0
p30,2045,2012,63,1749.0
p30,2045,2012,64,1736.0
p30,2045,2012,65,1718.0
p30,2045,2012,66,1713.0
p30,2045,2012,67,1726.0
p30,2045,2012,68,1793.0
p30,2045,2012,69,1877.0
p30,2045,2012,70,1874.0
p30,2045,2012,71,1843.0
p30,2045,2012,72,1801.0
p30,2045,2012,73,1723.0
p30,2045,2012,74,1653.0
p30,2045,2012,75,1606.0
p30,2045,2012,76,1609.0
p30,2045,2012,77,1635.0
p30,2045,2012,78,1630.0
p30,2045,2012,79,1624.0
p30,2045,2012,80,1700.0
p30,2045,2012,81,1793.0
p30,2045,2012,82,1832.0
p30,2045,2012,83,1814.0
p30,2045,2012,84,1796.0
p30,2045,2012,85,1791.0
p30,2045,2012,86,1775.0
p30,2045,2012,87,1757.0
p30,2045,2012,88,1731.0
p30,2045,2012,89,1715.0
p30,2045,2012,90,1710.0
p30,2045,2012,91,1734.0
p30,2045,2012,92,1796.0
p30,2045,2012,93,1874.0
p30,2045,2012,94,1874.0
p30,2045,2012,95,1843.0
p30,2045,2012,96,1786.0
p30,2045,2012,97,1713.0
p30,2045,2012,98,1632.0
p30,2045,2012,99,1591.0
p30,2045,2012,100,1580.0
p30,2045,2012,101,1604.0
p30,2045,2012,102,1596.0
p30,2045,2012,103,1601.0
p30,2045,2012,104,1663.0
p30,2045,2012,105,1778.0
p30,2045,2012,106,1799.0
p30,2045,2012,107,1773.0
p30,2045,2012,108,1760.0
p30,2045,2012,109,1760.0
p30,2045,2012,110,1752.0
p30,2045,2012,111,1741.0
p30,2045,2012,112,1726.0
p30,2045,2012,113,1705.0
p30,2045,2012,114,1708.0
p30,2045,2012,115,1723.0
p30,2045,2012,116,1786.0
p30,2045,2012,117,1866.0
p30,2045,2012,118,1874.0
p30,2045,2012,119,1843.0
p30,2045,2012,120,1799.0
p30,2045,2012,121,1726.0
p30,2045,2012,122,1661.0
p30,2045,2012,123,1624.0
p30,2045,2012,124,1656.0
p30,2045,2012,125,1684.0
p30,2045,2012,126,1671.0
p30,2045,2012,127,1663.0
p30,2045,2012,128,1739.0
p30,2045,2012,129,1840.0
p30,2045,2012,130,1869.0
p30,2045,2012,131,1851.0
p30,2045,2012,132,1848.0
p30,2045,2012,133,1838.0
p30,2045,2012,134,1825.0
p30,2045,2012,135,1793.0
p30,2045,2012,136,1765.0
p30,2045,2012,137,1752.0
p30,2045,2012,138,1744.0
p30,2045,2012,139,1757.0
p30,2045,2012,140,1814.0
p30,2045,2012,141,1890.0
p30,2045,2012,142,1887.0
p30,2045,2012,143,1861.0
p30,2045,2012,144,1819.0
p30,2045,2012,145,1762.0
p30,2045,2012,146,1700.0
p30,2045,2012,147,1627.0
p30,2045,2012,148,1575.0
p30,2045,2012,149,1580.0
p30,2045,2012,150,1575.0
p30,2045,2012,151,1565.0
p30,2045,2012,152,1606.0
p30,2045,2012,153,1656.0
p30,2045,2012,154,1708.0
p30,2045,2012,155,1734.0
p30,2045,2012,156,1736.0
p30,2045,2012,157,1726.0
p30,2045,2012,158,1695.0
p30,2045,2012,159,1658.0
p30,2045,2012,160,1624.0
p30,2045,2012,161,1604.0
p30,2045,2012,162,1586.0
p30,2045,2012,163,1604.0
p30,2045,2012,164,1674.0
p30,2045,2012,165,1741.0
p30,2045,2012,166,1731.0
p30,2045,2012,167,1713.0
p30,2045,2012,168,1679.0
p30,2045,2012,169,1630.0
p30,2045,2012,170,1583.0
p30,2045,2012,171,1560.0
p30,2045,2012,172,1560.0
p30,2045,2012,173,1567.0
p30,2045,2012,174,1560.0
p30,2045,2012,175,1552.0
p30,2045,2012,176,1578.0
p30,2045,2012,177,1624.0
p30,2045,2012,178,1666.0
p30,2045,2012,179,1705.0
p30,2045,2012,180,1721.0
p30,2045,2012,181,1736.0
p30,2045,2012,182,1715.0
p30,2045,2012,183,1697.0
p30,2045,2012,184,1661.0
p30,2045,2012,185,1640.0
p30,2045,2012,186,1632.0
p30,2045,2012,187,1658.0
p30,2045,2012,188,1728.0
p30,2045,2012,189,1814.0
p30,2045,2012,190,1817.0
p30,2045,2012,191,1788.0
p30,2045,2012,192,1744.0
p30,2045,2012,193,1684.0
p30,2045,2012,194,1622.0
p30,2045,2012,195,1640.0
p30,2045,2012,196,1700.0
p30,2045,2012,197,1741.0
p30,2045,2012,198,1726.0
p30,2045,2012,199,1713.0
p30,2045,2012,200,1801.0
p30,2045,2012,201,1931.0
p30,2045,2012,202,1949.0
p30,2045,2012,203,1913.0
p30,2045,2012,204,1903.0
p30,2045,2012,205,1905.0
p30,2045,2012,206,1884.0
p30,2045,2012,207,1848.0
p30,2045,2012,208,1832.0
p30,2045,2012,209,1783.0
p30,2045,2012,210,1773.0
p30,2045,2012,211,1788.0
p30,2045,2012,212,1866.0
p30,2045,2012,213,1965.0
p30,2045,2012,214,1970.0
p30,2045,2012,215,1942.0
p30,2045,2012,216,1905.0
p30,2045,2012,217,1822.0
p30,2045,2012,218,1752.0
p30,2045,2012,219,1723.0
p30,2045,2012,220,1708.0
p30,2045,2012,221,1744.0
p30,2045,2012,222,1736.0
p30,2045,2012,223,1739.0
p30,2045,2012,224,1838.0
p30,2045,2012,225,1942.0
p30,2045,2012,226,1970.0
p30,2045,2012,227,1929.0
p30,2045,2012,228,1900.0
p30,2045,2012,229,1871.0
p30,2045,2012,230,1843.0
p30,2045,2012,231,1796.0
p30,2045,2012,232,1754.0
p30,2045,2012,233,1721.0
p30,2045,2012,234,1710.0
p30,2045,2012,235,1728.0
p30,2045,2012,236,1799.0
p30,2045,2012,237,1890.0
p30,2045,2012,238,1895.0
p30,2045,2012,239,1877.0
p30,2045,2012,240,1840.0
p8,2030,2012,1,189.0
p8,2030,2012,2,181.0
p8,2030,2012,3,172.0
p8,2030,2012,4,166.0
p8,2030,2012,5,160.0
p8,2030,2012,6,156.0
p8,2030,2012,7,153.0
p8,2030,2012,8,153.0
p8,2030,2012,9,154.0
p8,2030,2012,10,157.0
p8,2030,2012,11,159.0
p8,2030,2012,12,166.0
p8,2030,2012,13,172.0
p8,2030,2012,14,175.0
p8,2030,2012,15,172.0
p8,2030,2012,16,168.0
p8,2030,2012,17,166.0
p8,2030,2012,18,162.0
p8,2030,2012,19,162.0
p8,2030,2012,20,166.0
p8,2030,2012,21,187.0
p8,2030,2012,22,190.0
p8,2030,2012,23,187.0
p8,2030,2012,24,184.0
p8,2030,2012,25,178.0
p8,2030,2012,26,171.0
p8,2030,2012,27,162.0
p8,2030,2012,28,162.0
p8,2030,2012,29,160.0
p8,2030,2012,30,157.0
p8,2030,2012,31,154.0
p8,2030,2012,32,157.0
p8,2030,2012,33,163.0
p8,2030,2012,34,171.0
p8,2030,2012,35,177.0
p8,2030,2012,36,183.0
p8,2030,2012,37,187.0
p8,2030,2012,38,193.0
p8,2030,2012,39,193.0
p8,2030,2012,40,187.0
p8,2030,2012,41,184.0
p8,2030,2012,42,183.0
p8,2030,2012,43,181.0
p8,2030,2012,44,187.0
p8,2030,2012,45,204.0
p8,2030,2012,46,210.0
p8,2030,2012,47,207.0
p8,2030,2012,48,202.0
p8,2030,2012,49,193.0
p8,2030,2012,50,181.0
p8,2030,2012,51,169.0
p8,2030,2012,52,160.0
p8,2030,2012,53,159.0
p8,2030,2012,54,156.0
p8,2030,2012,55,153.0
p8,2030,2012,56,157.0
p8,2030,2012,57,168.0
p8,2030,2012,58,183.0
p8,2030,2012,59,192.0
p8,2030,2012,60,195.0
p8,2030,2012,61,199.0
p8,2030,2012,62,202.0
p8,2030,2012,63,202.0
p8,2030,2012,64,198.0
p8,2030,2012,65,196.0
p8,2030,2012,66,193.0
p8,2030,2012,67,190.0
p8,2030,2012,68,193.0
p8,2030,2012,69,209.0
p8,2030,2012,70,213.0
p8,2030,2012,71,210.0
p8,2030,2012,72,204.0
p8,2030,2012,73,196.0
p8,2030,2012,74,184.0
p8,2030,2012,75,171.0
p8,2030,2012,76,166.0
p8,2030,2012,77,163.0
p8,2030,2012,78,160.0
p8,2030,2012,79,157.0
p8,2030,2012,80,162.0
p8,2030,2012,81,172.0
p8,2030,2012,82,187.0
p8,2030,2012,83,195.0
p8,2030,2012,84,198.0
p8,2030,2012,85,201.0
p8,2030,2012,86,205.0
p8,2030,2012,87,204.0
p8,2030,2012,88,199.0
p8,2030,2012,89,198.0
p8,2030,2012,90,195.0
p8,2030,2012,91,193.0
p8,2030,2012,92,196.0
p8,2030,2012,93,210.0
p8,2030,2012,94,213.0
p8,2030,2012,95,210.0
p8,2030,2012,96,204.0
p8,2030,2012,97,195.0
p8,2030,2012,98,181.0
p8,2030,2012,99,169.0
p8,2030,2012,100,165.0
p8,2030,2012,101,160.0
p8,2030,2012,102,157.0
p8,2030,2012,103,154.0
p8,2030,2012,104,159.0
p8,2030,2012,105,169.0
p8,2030,2012,106,184.0
p8,2030,2012,107,192.0
p8,2030,2012,108,196.0
p8,2030,2012,109,199.0
p8,2030,2012,110,202.0
p8,2030,2012,111,202.0
p8,2030,2012,112,199.0
p8,2030,2012,113,198.0
p8,2030,2012,114,195.0
p8,2030,2012,115,193.0
p8,2030,2012,116,195.0
p8,2030,2012,117,209.0
p8,2030,2012,118,212.0
p8,2030,2012,119,209.0
p8,2030,2012,120,202.0
p8,2030,2012,121,195.0
p8,2030,2012,122,183.0
p8,2030,2012,123,171.0
p8,2030,2012,124,168.0
p8,2030,2012,125,166.0
p8,2030,2012,126,162.0
p8,2030,2012,127,159.0
p8,2030,2012,128,163.0
p8,2030,2012,129,174.0
p8,2030,2012,130,190.0
p8,2030,2012,131,198.0
p8,2030,2012,132,201.0
p8,2030,2012,133,204.0
p8,2030,2012,134,209.0
p8,2030,2012,135,205.0
p8,2030,2012,136,201.0
p8,2030,2012,137,196.0
p8,2030,2012,138,193.0
p8,2030,2012,139,192.0
p8,2030,2012,140,193.0
p8,2030,2012,141,209.0
p8,2030,2012,142,212.0
p8,2030,2012,143,207.0
p8,2030,2012,144,202.0
p8,2030,2012,145,196.0
p8,2030,2012,146,186.0
p8,2030,2012,147,175.0
p8,2030,2012,148,165.0
p8,2030,2012,149,160.0
p8,2030,2012,150,157.0
p8,2030,2012,151,154.0
p8,2030,2012,152,154.0
p8,2030,2012,153,159.0
p8,2030,2012,154,165.0
p8,2030,2012,155,172.0
p8,2030,2012,156,178.0
p8,2030,2012,157,184.0
p8,2030,2012,158,184.0
p8,2030,2012,159,181.0
p8,2030,2012,160,178.0
p8,2030,2012,161,174.0
p8,2030,2012,162,169.0
p8,2030,2012,163,168.0
p8,2030,2012,164,172.0
p8,2030,2012,165,189.0
p8,2030,2012,166,192.0
p8,2030,2012,167,190.0
p8,2030,2012,168,186.0
p8,2030,2012,169,181.0
p8,2030,2012,170,172.0
p8,2030,2012,171,166.0
p8,2030,2012,172,162.0
p8,2030,2012,173,157.0
p8,2030,2012,174,154.0
p8,2030,2012,175,151.0
p8,2030,2012,176,153.0
p8,2030,2012,177,156.0
p8,2030,2012,178,162.0
p8,2030,2012,179,165.0
p8,2030,2012,180,172.0
p8,2030,2012,181,177.0
p8,2030,2012,182,178.0
p8,2030,2012,183,175.0
p8,2030,2012,184,171.0
p8,2030,2012,185,168.0
p8,2030,2012,186,163.0
p8,2030,2012,187,163.0
p8,2030,2012,188,169.0
p8,2030,2012,189,187.0
p8,2030,2012,190,193.0
p8,2030,2012,191,190.0
p8,2030,2012,192,186.0
p8,2030,2012,193,181.0
p8,2030,2012,194,171.0
p8,2030,2012,195,163.0
p8,2030,2012,196,165.0
p8,2030,2012,197,165.0
p8,2030,2012,198,162.0
p8,2030,2012,199,160.0
p8,2030,2012,200,165.0
p8,2030,2012,201,177.0
p8,2030,2012,202,196.0
p8,2030,2012,203,205.0
p8,2030,2012,204,209.0
p8,2030,2012,205,210.0
p8,2030,2012,206,212.0
p8,2030,2012,207,209.0
p8,2030,2012,208,202.0
p8,2030,2012,209,198.0
p8,2030,2012,210,195.0
p8,2030,2012,211,192.0
p8,2030,2012,212,195.0
p8,2030,2012,213,212.0
p8,2030,2012,214,216.0
p8,2030,2012,215,213.0
p8,2030,2012,216,207.0
p8,2030,2012,217,198.0
p8,2030,2012,218,186.0
p8,2030,2012,219,175.0
p8,2030,2012,220,169.0
p8,2030,2012,221,166.0
p8,2030,2012,222,165.0
p8,2030,2012,223,162.0
p8,2030,2012,224,168.0
p8,2030,2012,225,180.0
p8,2030,2012,226,198.0
p8,2030,2012,227,209.0
p8,2030,2012,228,210.0
p8,2030,2012,229,209.0
p8,2030,2012,230,210.0
p8,2030,2012,231,207.0
p8,2030,2012,232,199.0
p8,2030,2012,233,195.0
p8,2030,2012,234,192.0
p8,2030,2012,235,190.0
p8,2030,2012,236,192.0
p8,2030,2012,237,209.0
p8,2030,2012,238,213.0
p8,2030,2012,239,212.0
p8,2030,2012,240,205.0
p8,2045,2012,1,247.0
p8,2045,2012,2,240.0
p8,2045,2012,3,231.0
p8,2045,2012,4,227.0
p8,2045,2012,5,225.0
p8,2045,2012,6,218.0
p8,2045,2012,7,209.0
p8,2045,2012,8,209.0
p8,2045,2012,9,212.0
p8,2045,2012,10,213.0
p8,2045,2012,11,213.0
p8,2045,2012,12,225.0
p8,2045,2012,13,236.0
p8,2045,2012,14,241.0
p8,2045,2012,15,236.0
p8,2045,2012,16,229.0
p8,2045,2012,17,225.0
p8,2045,2012,18,220.0
p8,2045,2012,19,218.0
p8,2045,2012,20,224.0
p8,2045,2012,21,244.0
p8,2045,2012,22,248.0
p8,2045,2012,23,247.0
p8,2045,2012,24,241.0
p8,2045,2012,25,236.0
p8,2045,2012,26,228.0
p8,2045,2012,27,221.0
p8,2045,2012,28,239.0
p8,2045,2012,29,245.0
p8,2045,2012,30,239.0
p8,2045,2012,31,222.0
p8,2045,2012,32,227.0
p8,2045,2012,33,233.0
p8,2045,2012,34,237.0
p8,2045,2012,35,240.0
p8,2045,2012,36,248.0
p8,2045,2012,37,259.0
p8,2045,2012,38,272.0
p8,2045,2012,39,275.0
p8,2045,2012,40,267.0
p8,2045,2012,41,260.0
p8,2045,2012,42,256.0
p8,2045,2012,43,256.0
p8,2045,2012,44,262.0
p8,2045,2012,45,279.0
p8,2045,2012,46,289.0
p8,2045,2012,47,287.0
p8,2045,2012,48,279.0
p8,2045,2012,49,270.0
p8,2045,2012,50,255.0
p8,2045,2012,51,241.0
p8,2045,2012,52,231.0
p8,2045,2012,53,235.0
p8,2045,2012,54,229.0
p8,2045,2012,55,217.0
p8,2045,2012,56,221.0
p8,2045,2012,57,232.0
p8,2045,2012,58,243.0
p8,2045,2012,59,247.0
p8,2045,2012,60,252.0
p8,2045,2012,61,262.0
p8,2045,2012,62,271.0
p8,2045,2012,63,272.0
p8,2045,2012,64,266.0
p8,2045,2012,65,262.0
p8,2045,2012,66,258.0
p8,2045,2012,67,255.0
p8,2045,2012,68,259.0
p8,2045,2012,69,274.0
p8,2045,2012,70,282.0
p8,2045,2012,71,280.0
p8,2045,2012,72,274.0
p8,2045,2012,73,264.0
p8,2045,2012,74,251.0
p8,2045,2012,75,239.0
p8,2045,2012,76,235.0
p8,2045,2012,77,239.0
p8,2045,2012,78,233.0
p8,2045,2012,79,221.0
p8,2045,2012,80,225.0
p8,2045,2012,81,235.0
p8,2045,2012,82,248.0
p8,2045,2012,83,251.0
p8,2045,2012,84,253.0
p8,2045,2012,85,263.0
p8,2045,2012,86,272.0
p8,2045,2012,87,272.0
p8,2045,2012,88,264.0
p8,2045,2012,89,262.0
p8,2045,2012,90,256.0
p8,2045,2012,91,256.0
p8,2045,2012,92,259.0
p8,2045,2012,93,274.0
p8,2045,2012,94,280.0
p8,2045,2012,95,279.0
p8,2045,2012,96,272.0
p8,2045,2012,97,262.0
p8,2045,2012,98,248.0
p8,2045,2012,99,235.0
p8,2045,2012,100,232.0
p8,2045,2012,101,235.0
p8,2045,2012,102,229.0
p8,2045,2012,103,216.0
p8,2045,2012,104,221.0
p8,2045,2012,105,229.0
p8,2045,2012,106,243.0
p8,2045,2012,107,245.0
p8,2045,2012,108,251.0
p8,2045,2012,109,260.0
p8,2045,2012,110,270.0
p8,2045,2012,111,271.0
p8,2045,2012,112,264.0
p8,2045,2012,113,260.0
p8,2045,2012,114,256.0
p8,2045,2012,115,255.0
p8,2045,2012,116,258.0
p8,2045,2012,117,272.0
p8,2045,2012,118,279.0
p8,2045,2012,119,278.0
p8,2045,2012,120,271.0
p8,2045,2012,121,262.0
p8,2045,2012,122,249.0
p8,2045,2012,123,237.0
p8,2045,2012,124,243.0
p8,2045,2012,125,248.0
p8,2045,2012,126,241.0
p8,2045,2012,127,227.0
p8,2045,2012,128,232.0
p8,2045,2012,129,240.0
p8,2045,2012,130,253.0
p8,2045,2012,131,256.0
p8,2045,2012,132,264.0
p8,2045,2012,133,275.0
p8,2045,2012,134,286.0
p8,2045,2012,135,286.0
p8,2045,2012,136,278.0
p8,2045,2012,137,272.0
p8,2045,2012,138,267.0
p8,2045,2012,139,264.0
p8,2045,2012,140,268.0
p8,2045,2012,141,283.0
p8,2045,2012,142,290.0
p8,2045,2012,143,287.0
p8,2045,2012,144,280.0
p8,2045,2012,145,272.0
p8,2045,2012,146,260.0
p8,2045,2012,147,248.0
p8,2045,2012,148,224.0
p8,2045,2012,149,224.0
p8,2045,2012,150,220.0
p8,2045,2012,151,210.0
p8,2045,2012,152,210.0
p8,2045,2012,153,213.0
p8,2045,2012,154,217.0
p8,2045,2012,155,224.0
p8,2045,2012,156,233.0
p8,2045,2012,157,244.0
p8,2045,2012,158,245.0
p8,2045,2012,159,243.0
p8,2045,2012,160,239.0
p8,2045,2012,161,233.0
p8,2045,2012,162,227.0
p8,2045,2012,163,224.0
p8,2045,2012,164,228.0
p8,2045,2012,165,245.0
p8,2045,2012,166,249.0
p8,2045,2012,167,248.0
p8,2045,2012,168,243.0
p8,2045,2012,169,237.0
p8,2045,2012,170,229.0
p8,2045,2012,171,222.0
p8,2045,2012,172,221.0
p8,2045,2012,173,221.0
p8,2045,2012,174,216.0
p8,2045,2012,175,206.0
p8,2045,2012,176,208.0
p8,2045,2012,177,210.0
p8,2045,2012,178,216.0
p8,2045,2012,179,217.0
p8,2045,2012,180,229.0
p8,2045,2012,181,237.0
p8,2045,2012,182,241.0
p8,2045,2012,183,237.0
p8,2045,2012,184,232.0
p8,2045,2012,185,227.0
p8,2045,2012,186,221.0
p8,2045,2012,187,220.0
p8,2045,2012,188,225.0
p8,2045,2012,189,244.0
p8,2045,2012,190,249.0
p8,2045,2012,191,248.0
p8,2045,2012,192,243.0
p8,2045,2012,193,237.0
p8,2045,2012,194,227.0
p8,2045,2012,195,222.0
p8,2045,2012,196,243.0
p8,2045,2012,197,249.0
p8,2045,2012,198,243.0
p8,2045,2012,199,229.0
p8,2045,2012,200,235.0
p8,2045,2012,201,245.0
p8,2045,2012,202,262.0
p8,2045,2012,203,264.0
p8,2045,2012,204,272.0
p8,2045,2012,205,282.0
p8,2045,2012,206,290.0
p8,2045,2012,207,287.0
p8,2045,2012,208,278.0
p8,2045,2012,209,272.0
p8,2045,2012,210,267.0
p8,2045,2012,211,266.0
p8,2045,2012,212,270.0
p8,2045,2012,213,286.0
p8,2045,2012,214,294.0
p8,2045,2012,215,293.0
p8,2045,2012,216,285.0
p8,2045,2012,217,274.0
p8,2045,2012,218,260.0
p8,2045,2012,219,249.0
p8,2045,2012,220,240.0
p8,2045,2012,221,244.0
p8,2045,2012,222,240.0
p8,2045,2012,223,229.0
p8,2045,2012,224,235.0
p8,2045,2012,225,247.0
p8,2045,2012,226,262.0
p8,2045,2012,227,268.0
p8,2045,2012,228,270.0
p8,2045,2012,229,275.0
p8,2045,2012,230,282.0
p8,2045,2012,231,279.0
p8,2045,2012,232,268.0
p8,2045,2012,233,262.0
p8,2045,2012,234,256.0
p8,2045,2012,235,253.0
p8,2045,2012,236,258.0
p8,2045,2012,237,274.0
p8,2045,2012,238,282.0
p8,2045,2012,239,282.0
p8,2045,2012,240,275.0
p9,2030,2012,1,15885.0
p9,2030,2012,2,15309.0
p9,2030,2012,3,14450.0
p9,2030,2012,4,13967.0
p9,2030,2012,5,13557.0
p9,2030,2012,6,13106.0
p9,2030,2012,7,12809.0
p9,2030,2012,8,12836.0
p9,2030,2012,9,13008.0
p9,2030,2012,10,13243.0
p9,2030,2012,11,13386.0
p9,2030,2012,12,14041.0
p9,2030,2012,13,14498.0
p9,2030,2012,14,14734.0
p9,2030,2012,15,14489.0
p9,2030,2012,16,14112.0
p9,2030,2012,17,13956.0
p9,2030,2012,18,13667.0
p9,2030,2012,19,13626.0
p9,2030,2012,20,14057.0
p9,2030,2012,21,15723.0
p9,2030,2012,22,15993.0
p9,2030,2012,23,15856.0
p9,2030,2012,24,15537.0
p9,2030,2012,25,15082.0
p9,2030,2012,26,14364.0
p9,2030,2012,27,13657.0
p9,2030,2012,28,13662.0
p9,2030,2012,29,13525.0
p9,2030,2012,30,13273.0
p9,2030,2012,31,12945.0
p9,2030,2012,32,13211.0
p9,2030,2012,33,13767.0
p9,2030,2012,34,14384.0
p9,2030,2012,35,14866.0
p9,2030,2012,36,15389.0
p9,2030,2012,37,15754.0
p9,2030,2012,38,16293.0
p9,2030,2012,39,16278.0
p9,2030,2012,40,15859.0
p9,2030,2012,41,15501.0
p9,2030,2012,42,15386.0
p9,2030,2012,43,15339.0
p9,2030,2012,44,15749.0
p9,2030,2012,45,17225.0
p9,2030,2012,46,17664.0
p9,2030,2012,47,17477.0
p9,2030,2012,48,17047.0
p9,2030,2012,49,16337.0
p9,2030,2012,50,15278.0
p9,2030,2012,51,14230.0
p9,2030,2012,52,13541.0
p9,2030,2012,53,13334.0
p9,2030,2012,54,13087.0
p9,2030,2012,55,12891.0
p9,2030,2012,56,13251.0
p9,2030,2012,57,14181.0
p9,2030,2012,58,15435.0
p9,2030,2012,59,16160.0
p9,2030,2012,60,16472.0
p9,2030,2012,61,16757.0
p9,2030,2012,62,17128.0
p9,2030,2012,63,17100.0
p9,2030,2012,64,16704.0
p9,2030,2012,65,16571.0
p9,2030,2012,66,16359.0
p9,2030,2012,67,16077.0
p9,2030,2012,68,16297.0
p9,2030,2012,69,17619.0
p9,2030,2012,70,17949.0
p9,2030,2012,71,17710.0
p9,2030,2012,72,17229.0
p9,2030,2012,73,16499.0
p9,2030,2012,74,15477.0
p9,2030,2012,75,14447.0
p9,2030,2012,76,13952.0
p9,2030,2012,77,13755.0
p9,2030,2012,78,13496.0
p9,2030,2012,79,13281.0
p9,2030,2012,80,13618.0
p9,2030,2012,81,14480.0
p9,2030,2012,82,15808.0
p9,2030,2012,83,16450.0
p9,2030,2012,84,16671.0
p9,2030,2012,85,16920.0
p9,2030,2012,86,17254.0
p9,2030,2012,87,17177.0
p9,2030,2012,88,16770.0
p9,2030,2012,89,16638.0
p9,2030,2012,90,16414.0
p9,2030,2012,91,16323.0
p9,2030,2012,92,16517.0
p9,2030,2012,93,17753.0
p9,2030,2012,94,18003.0
p9,2030,2012,95,17708.0
p9,2030,2012,96,17211.0
p9,2030,2012,97,16392.0
p9,2030,2012,98,15326.0
p9,2030,2012,99,14331.0
p9,2030,2012,100,13825.0
p9,2030,2012,101,13567.0
p9,2030,2012,102,13311.0
p9,2030,2012,103,13045.0
p9,2030,2012,104,13408.0
p9,2030,2012,105,14211.0
p9,2030,2012,106,15606.0
p9,2030,2012,107,16201.0
p9,2030,2012,108,16510.0
p9,2030,2012,109,16780.0
p9,2030,2012,110,17105.0
p9,2030,2012,111,17107.0
p9,2030,2012,112,16793.0
p9,2030,2012,113,16636.0
p9,2030,2012,114,16433.0
p9,2030,2012,115,16292.0
p9,2030,2012,116,16379.0
p9,2030,2012,117,17602.0
p9,2030,2012,118,17880.0
p9,2030,2012,119,17577.0
p9,2030,2012,120,17081.0
p9,2030,2012,121,16408.0
p9,2030,2012,122,15400.0
p9,2030,2012,123,14414.0
p9,2030,2012,124,14118.0
p9,2030,2012,125,13952.0
p9,2030,2012,126,13657.0
p9,2030,2012,127,13386.0
p9,2030,2012,128,13782.0
p9,2030,2012,129,14597.0
p9,2030,2012,130,15977.0
p9,2030,2012,131,16638.0
p9,2030,2012,132,16991.0
p9,2030,2012,133,17216.0
p9,2030,2012,134,17509.0
p9,2030,2012,135,17372.0
p9,2030,2012,136,16895.0
p9,2030,2012,137,16586.0
p9,2030,2012,138,16323.0
p9,2030,2012,139,16125.0
p9,2030,2012,140,16284.0
p9,2030,2012,141,17569.0
p9,2030,2012,142,17813.0
p9,2030,2012,143,17484.0
p9,2030,2012,144,17126.0
p9,2030,2012,145,16534.0
p9,2030,2012,146,15655.0
p9,2030,2012,147,14841.0
p9,2030,2012,148,13860.0
p9,2030,2012,149,13491.0
p9,2030,2012,150,13246.0
p9,2030,2012,151,12999.0
p9,2030,2012,152,13056.0
p9,2030,2012,153,13390.0
p9,2030,2012,154,13883.0
p9,2030,2012,155,14455.0
p9,2030,2012,156,14983.0
p9,2030,2012,157,15517.0
p9,2030,2012,158,15506.0
p9,2030,2012,159,15305.0
p9,2030,2012,160,15005.0
p9,2030,2012,161,14692.0
p9,2030,2012,162,14256.0
p9,2030,2012,163,14112.0
p9,2030,2012,164,14457.0
p9,2030,2012,165,15962.0
p9,2030,2012,166,16210.0
p9,2030,2012,167,16023.0
p9,2030,2012,168,15707.0
p9,2030,2012,169,15300.0
p9,2030,2012,170,14565.0
p9,2030,2012,171,13967.0
p9,2030,2012,172,13573.0
p9,2030,2012,173,13251.0
p9,2030,2012,174,12982.0
p9,2030,2012,175,12767.0
p9,2030,2012,176,12824.0
p9,2030,2012,177,13098.0
p9,2030,2012,178,13634.0
p9,2030,2012,179,13904.0
p9,2030,2012,180,14533.0
p9,2030,2012,181,14885.0
p9,2030,2012,182,14989.0
p9,2030,2012,183,14776.0
p9,2030,2012,184,14441.0
p9,2030,2012,185,14167.0
p9,2030,2012,186,13814.0
p9,2030,2012,187,13787.0
p9,2030,2012,188,14199.0
p9,2030,2012,189,15827.0
p9,2030,2012,190,16242.0
p9,2030,2012,191,16107.0
p9,2030,2012,192,15715.0
p9,2030,2012,193,15217.0
p9,2030,2012,194,14361.0
p9,2030,2012,195,13746.0
p9,2030,2012,196,13898.0
p9,2030,2012,197,13848.0
p9,2030,2012,198,13669.0
p9,2030,2012,199,13473.0
p9,2030,2012,200,13901.0
p9,2030,2012,201,14924.0
p9,2030,2012,202,16577.0
p9,2030,2012,203,17327.0
p9,2030,2012,204,17628.0
p9,2030,2012,205,17713.0
p9,2030,2012,206,17840.0
p9,2030,2012,207,17557.0
p9,2030,2012,208,17031.0
p9,2030,2012,209,16721.0
p9,2030,2012,210,16469.0
p9,2030,2012,211,16216.0
p9,2030,2012,212,16465.0
p9,2030,2012,213,17863.0
p9,2030,2012,214,18197.0
p9,2030,2012,215,17996.0
p9,2030,2012,216,17498.0
p9,2030,2012,217,16730.0
p9,2030,2012,218,15716.0
p9,2030,2012,219,14779.0
p9,2030,2012,220,14207.0
p9,2030,2012,221,14019.0
p9,2030,2012,222,13866.0
p9,2030,2012,223,13679.0
p9,2030,2012,224,14114.0
p9,2030,2012,225,15156.0
p9,2030,2012,226,16730.0
p9,2030,2012,227,17640.0
p9,2030,2012,228,17668.0
p9,2030,2012,229,17618.0
p9,2030,2012,230,17673.0
p9,2030,2012,231,17438.0
p9,2030,2012,232,16851.0
p9,2030,2012,233,16433.0
p9,2030,2012,234,16138.0
p9,2030,2012,235,16008.0
p9,2030,2012,236,16171.0
p9,2030,2012,237,17570.0
p9,2030,2012,238,17983.0
p9,2030,2012,239,17778.0
p9,2030,2012,240,17322.0
p9,2045,2012,1,21641.0
p9,2045,2012,2,21099.0
p9,2045,2012,3,20294.0
p9,2045,2012,4,19885.0
p9,2045,2012,5,19816.0
p9,2045,2012,6,19154.0
p9,2045,2012,7,18297.0
p9,2045,2012,8,18364.0
p9,2045,2012,9,18565.0
p9,2045,2012,10,18686.0
p9,2045,2012,11,18693.0
p9,2045,2012,12,19783.0
p9,2045,2012,13,20677.0
p9,2045,2012,14,21143.0
p9,2045,2012,15,20738.0
p9,2045,2012,16,20095.0
p9,2045,2012,17,19809.0
p9,2045,2012,18,19328.0
p9,2045,2012,19,19201.0
p9,2045,2012,20,19680.0
p9,2045,2012,21,21378.0
p9,2045,2012,22,21747.0
p9,2045,2012,23,21636.0
p9,2045,2012,24,21201.0
p9,2045,2012,25,20706.0
p9,2045,2012,26,19968.0
p9,2045,2012,27,19399.0
p9,2045,2012,28,21007.0
p9,2045,2012,29,21521.0
p9,2045,2012,30,20972.0
p9,2045,2012,31,19551.0
p9,2045,2012,32,19870.0
p9,2045,2012,33,20482.0
p9,2045,2012,34,20826.0
p9,2045,2012,35,21039.0
p9,2045,2012,36,21782.0
p9,2045,2012,37,22744.0
p9,2045,2012,38,23938.0
p9,2045,2012,39,24123.0
p9,2045,2012,40,23412.0
p9,2045,2012,41,22816.0
p9,2045,2012,42,22548.0
p9,2045,2012,43,22535.0
p9,2045,2012,44,23022.0
p9,2045,2012,45,24521.0
p9,2045,2012,46,25273.0
p9,2045,2012,47,25190.0
p9,2045,2012,48,24541.0
p9,2045,2012,49,23630.0
p9,2045,2012,50,22388.0
p9,2045,2012,51,21177.0
p9,2045,2012,52,20291.0
p9,2045,2012,53,20581.0
p9,2045,2012,54,20091.0
p9,2045,2012,55,19024.0
p9,2045,2012,56,19420.0
p9,2045,2012,57,20392.0
p9,2045,2012,58,21315.0
p9,2045,2012,59,21696.0
p9,2045,2012,60,22111.0
p9,2045,2012,61,22928.0
p9,2045,2012,62,23826.0
p9,2045,2012,63,23953.0
p9,2045,2012,64,23305.0
p9,2045,2012,65,23028.0
p9,2045,2012,66,22653.0
p9,2045,2012,67,22392.0
p9,2045,2012,68,22686.0
p9,2045,2012,69,24029.0
p9,2045,2012,70,24707.0
p9,2045,2012,71,24615.0
p9,2045,2012,72,23999.0
p9,2045,2012,73,23151.0
p9,2045,2012,74,22057.0
p9,2045,2012,75,20929.0
p9,2045,2012,76,20645.0
p9,2045,2012,77,21001.0
p9,2045,2012,78,20510.0
p9,2045,2012,79,19410.0
p9,2045,2012,80,19787.0
p9,2045,2012,81,20629.0
p9,2045,2012,82,21736.0
p9,2045,2012,83,21961.0
p9,2045,2012,84,22252.0
p9,2045,2012,85,23095.0
p9,2045,2012,86,23924.0
p9,2045,2012,87,23931.0
p9,2045,2012,88,23211.0
p9,2045,2012,89,22924.0
p9,2045,2012,90,22540.0
p9,2045,2012,91,22465.0
p9,2045,2012,92,22745.0
p9,2045,2012,93,24041.0
p9,2045,2012,94,24651.0
p9,2045,2012,95,24510.0
p9,2045,2012,96,23892.0
p9,2045,2012,97,22921.0
p9,2045,2012,98,21762.0
p9,2045,2012,99,20654.0
p9,2045,2012,100,20362.0
p9,2045,2012,101,20634.0
p9,2045,2012,102,20138.0
p9,2045,2012,103,18978.0
p9,2045,2012,104,19353.0
p9,2045,2012,105,20113.0
p9,2045,2012,106,21322.0
p9,2045,2012,107,21588.0
p9,2045,2012,108,21991.0
p9,2045,2012,109,22803.0
p9,2045,2012,110,23697.0
p9,2045,2012,111,23753.0
p9,2045,2012,112,23200.0
p9,2045,2012,113,22883.0
p9,2045,2012,114,22527.0
p9,2045,2012,115,22420.0
p9,2045,2012,116,22603.0
p9,2045,2012,117,23890.0
p9,2045,2012,118,24541.0
p9,2045,2012,119,24387.0
p9,2045,2012,120,23748.0
p9,2045,2012,121,22909.0
p9,2045,2012,122,21856.0
p9,2045,2012,123,20832.0
p9,2045,2012,124,21280.0
p9,2045,2012,125,21797.0
p9,2045,2012,126,21231.0
p9,2045,2012,127,19849.0
p9,2045,2012,128,20314.0
p9,2045,2012,129,21047.0
p9,2045,2012,130,22290.0
p9,2045,2012,131,22558.0
p9,2045,2012,132,23148.0
p9,2045,2012,133,24111.0
p9,2045,2012,134,25075.0
p9,2045,2012,135,25094.0
p9,2045,2012,136,24339.0
p9,2045,2012,137,23849.0
p9,2045,2012,138,23422.0
p9,2045,2012,139,23258.0
p9,2045,2012,140,23535.0
p9,2045,2012,141,24860.0
p9,2045,2012,142,25450.0
p9,2045,2012,143,25221.0
p9,2045,2012,144,24655.0
p9,2045,2012,145,23863.0
p9,2045,2012,146,22825.0
p9,2045,2012,147,21796.0
p9,2045,2012,148,19685.0
p9,2045,2012,149,19682.0
p9,2045,2012,150,19337.0
p9,2045,2012,151,18442.0
p9,2045,2012,152,18467.0
p9,2045,2012,153,18763.0
p9,2045,2012,154,19059.0
p9,2045,2012,155,19682.0
p9,2045,2012,156,20481.0
p9,2045,2012,157,21385.0
p9,2045,2012,158,21595.0
p9,2045,2012,159,21337.0
p9,2045,2012,160,20950.0
p9,2045,2012,161,20510.0
p9,2045,2012,162,19859.0
p9,2045,2012,163,19620.0
p9,2045,2012,164,20027.0
p9,2045,2012,165,21582.0
p9,2045,2012,166,21939.0
p9,2045,2012,167,21786.0
p9,2045,2012,168,21337.0
p9,2045,2012,169,20870.0
p9,2045,2012,170,20078.0
p9,2045,2012,171,19529.0
p9,2045,2012,172,19365.0
p9,2045,2012,173,19355.0
p9,2045,2012,174,18948.0
p9,2045,2012,175,18107.0
p9,2045,2012,176,18167.0
p9,2045,2012,177,18450.0
p9,2045,2012,178,18910.0
p9,2045,2012,179,19097.0
p9,2045,2012,180,20062.0
p9,2045,2012,181,20829.0
p9,2045,2012,182,21156.0
p9,2045,2012,183,20878.0
p9,2045,2012,184,20363.0
p9,2045,2012,185,19897.0
p9,2045,2012,186,19378.0
p9,2045,2012,187,19279.0
p9,2045,2012,188,19775.0
p9,2045,2012,189,21447.0
p9,2045,2012,190,21952.0
p9,2045,2012,191,21828.0
p9,2045,2012,192,21328.0
p9,2045,2012,193,20825.0
p9,2045,2012,194,19947.0
p9,2045,2012,195,19548.0
p9,2045,2012,196,21276.0
p9,2045,2012,197,21859.0
p9,2045,2012,198,21372.0
p9,2045,2012,199,20106.0
p9,2045,2012,200,20566.0
p9,2045,2012,201,21559.0
p9,2045,2012,202,22939.0
p9,2045,2012,203,23258.0
p9,2045,2012,204,23906.0
p9,2045,2012,205,24706.0
p9,2045,2012,206,25449.0
p9,2045,2012,207,25267.0
p9,2045,2012,208,24433.0
p9,2045,2012,209,23905.0
p9,2045,2012,210,23492.0
p9,2045,2012,211,23280.0
p9,2045,2012,212,23652.0
p9,2045,2012,213,25097.0
p9,2045,2012,214,25770.0
p9,2045,2012,215,25659.0
p9,2045,2012,216,24959.0
p9,2045,2012,217,23990.0
p9,2045,2012,218,22879.0
p9,2045,2012,219,21853.0
p9,2045,2012,220,21078.0
p9,2045,2012,221,21441.0
p9,2045,2012,222,21121.0
p9,2045,2012,223,20076.0
p9,2045,2012,224,20603.0
p9,2045,2012,225,21632.0
p9,2045,2012,226,22905.0
p9,2045,2012,227,23513.0
p9,2045,2012,228,23701.0
p9,2045,2012,229,24211.0
p9,2045,2012,230,24741.0
p9,2045,2012,231,24543.0
p9,2045,2012,232,23587.0
p9,2045,2012,233,22915.0
p9,2045,2012,234,22442.0
p9,2045,2012,235,22317.0
p9,2045,2012,236,22573.0
p9,2045,2012,237,24005.0
p9,2045,2012,238,24792.0
p9,2045,2012,239,24737.0
p9,2045,2012,240,24139.0
